;mov_origem;mov_destino;ocorrencias;prob;Alerta2;prob_Nac;classe_processual;siglaTribunal;Recor;Soma_Prob;Med_sem0;Color
57097;132;12265;382;38,09%;438,41;0,09%;7;TJTO;3;85,64%;28,55%;secondary
57242;92;12265;390;62,90%;341,50;0,18%;7;TJTO;3;113,83%;37,94%;secondary
109054;51;12265;454;25,24%;274,68;0,09%;283;TJSC;3;100,67%;33,56%;secondary
5938;48;898;604;69,59%;259,57;0,27%;1116;TJES;1;69,59%;69,59%;secondary
105418;60;861;362;10,53%;209,11;0,05%;283;TJRJ;4;13,09%;3,27%;secondary
6990;581;26;603;23,87%;157,29;0,15%;1116;TJGO;4;36,00%;9,00%;secondary
1283;51;861;506;11,93%;152,91;0,08%;1116;TJRJ;4;33,55%;8,39%;secondary
56295;60;12287;119;1,90%;141,36;0,01%;7;TJTO;3;3,86%;1,29%;secondary
4264;92;48;216;63,91%;135,82;0,47%;1116;TJSC;4;188,66%;47,16%;secondary
23176;11010;12430;345;8,73%;123,34;0,07%;1116;TJDFT;4;10,99%;2,75%;secondary
75701;51;861;324;8,45%;116,03;0,07%;159;TJRJ;4;33,55%;8,39%;secondary
8992;123;869;152;5,61%;112,27;0,05%;1116;TJAM;3;5,81%;1,94%;secondary
108854;92;48;179;55,25%;107,99;0,51%;283;TJSC;4;188,66%;47,16%;secondary
82399;11009;132;128;40,38%;107,65;0,37%;159;TJAL;4;147,94%;36,98%;secondary
110718;26;12140;115;20,21%;106,21;0,19%;283;TJES;1;20,21%;20,21%;secondary
52157;132;12740;122;2,45%;99,60;0,02%;7;TJCE;4;3,69%;0,92%;secondary
33223;11010;14;168;4,62%;97,84;0,05%;7;TJSP;4;12,86%;3,22%;secondary
1662;60;866;325;2,76%;97,82;0,03%;1116;TJBA;4;2,92%;0,73%;secondary
4624;51;12265;1013;27,05%;96,74;0,28%;1116;TJSC;3;100,67%;33,56%;secondary
56303;60;12265;442;7,08%;92,52;0,08%;7;TJTO;3;16,61%;5,54%;secondary
126296;581;12287;114;1,42%;91,58;0,02%;283;TJTO;3;4,73%;1,58%;secondary
125934;60;12266;133;2,20%;90,10;0,02%;283;TJTO;3;9,66%;3,22%;secondary
126707;92;12265;194;37,67%;88,25;0,42%;283;TJTO;3;113,83%;37,94%;secondary
19564;898;12265;237;42,63%;86,13;0,49%;1116;TJTO;3;114,23%;38,08%;secondary
126301;581;12282;202;2,52%;85,98;0,03%;283;TJTO;3;4,81%;1,60%;secondary
25569;1051;12067;216;13,37%;84,07;0,16%;1116;TJSE;4;25,74%;6,44%;secondary
125938;60;26;534;8,84%;82,90;0,11%;283;TJTO;3;13,21%;4,40%;secondary
74867;11010;14;114;4,24%;82,15;0,05%;159;TJSP;4;12,86%;3,22%;secondary
110716;26;818;138;24,25%;81,90;0,29%;283;TJES;1;24,25%;24,25%;secondary
23838;60;982;918;8,07%;80,16;0,10%;1116;TJPA;4;21,53%;5,38%;secondary
126649;970;12287;286;13,52%;78,61;0,17%;283;TJTO;2;21,93%;10,97%;secondary
130301;581;12430;139;1,49%;76,64;0,02%;283;TJDFT;4;3,31%;0,83%;secondary
29466;898;849;310;61,51%;76,51;0,79%;1116;TJMA;4;258,92%;64,73%;secondary
79;85;14;171;1,95%;75,51;0,03%;1116;TJSP;4;11,39%;2,85%;secondary
5942;48;861;159;18,32%;73,05;0,25%;1116;TJES;1;18,32%;18,32%;secondary
103785;51;14;115;1,67%;72,23;0,02%;283;TJSP;4;4,75%;1,19%;secondary
111229;123;982;867;31,36%;71,00;0,44%;283;TJPE;4;83,58%;20,89%;secondary
63027;51;11409;113;1,10%;70,04;0,02%;7;TJPA;3;1,81%;0,60%;secondary
131264;60;982;888;7,39%;69,20;0,11%;283;TJPA;4;21,53%;5,38%;secondary
29761;60;987;574;3,78%;68,06;0,05%;1116;TJMA;4;15,38%;3,85%;secondary
111985;132;22;160;16,21%;67,18;0,24%;283;TJGO;2;17,30%;8,65%;secondary
6927;60;3;767;13,14%;66,43;0,19%;1116;TJGO;4;33,91%;8,48%;secondary
125933;60;12265;348;5,76%;66,28;0,09%;283;TJTO;3;16,61%;5,54%;secondary
100011;1051;12265;143;12,76%;65,75;0,19%;159;TJRS;3;63,91%;21,30%;secondary
17125;106;135;171;31,49%;64,89;0,48%;1116;TJRN;4;77,41%;19,35%;secondary
65983;123;849;190;32,87%;64,27;0,50%;7;TJAC;4;47,46%;11,86%;secondary
29771;60;115;146;0,96%;63,88;0,01%;1116;TJMA;4;2,55%;0,64%;secondary
61392;92;870;106;3,14%;63,77;0,05%;7;TJDFT;4;105,97%;26,49%;secondary
38724;51;12265;2548;48,39%;63,26;0,75%;7;TJSC;3;100,67%;33,56%;secondary
74761;51;14;105;1,65%;62,89;0,03%;159;TJSP;4;4,75%;1,19%;secondary
105338;51;861;583;7,81%;62,18;0,12%;283;TJRJ;4;33,55%;8,39%;secondary
104046;11010;14;119;3,37%;62,10;0,05%;283;TJSP;4;12,86%;3,22%;secondary
99974;11010;12266;675;17,76%;61,64;0,28%;159;TJRS;3;68,12%;22,71%;secondary
26757;48;92;203;11,88%;61,40;0,19%;1116;TJAC;4;21,17%;5,29%;secondary
62425;11009;1061;104;21,76%;61,23;0,35%;7;TJDFT;4;55,72%;13,93%;secondary
80458;123;982;295;24,20%;60,57;0,39%;159;TJPE;4;83,58%;20,89%;secondary
1353;123;67;867;28,17%;60,50;0,46%;1116;TJRJ;4;44,56%;11,14%;secondary
29330;493;987;127;1,17%;58,07;0,02%;1116;TJMA;4;1,96%;0,49%;secondary
126484;985;12266;109;15,14%;58,03;0,26%;283;TJTO;3;35,42%;11,81%;secondary
28904;11010;12266;742;17,83%;57,95;0,30%;1116;TJRS;3;68,12%;22,71%;secondary
57661;985;12266;101;16,95%;57,89;0,29%;7;TJTO;3;35,42%;11,81%;secondary
110122;970;26;341;18,13%;57,58;0,31%;283;TJES;1;18,13%;18,13%;secondary
34882;11383;67;189;21,67%;57,16;0,37%;7;TJRJ;4;51,52%;12,88%;secondary
33475;581;14;147;1,67%;57,11;0,03%;7;TJSP;4;4,72%;1,18%;secondary
28346;51;12265;1754;15,87%;56,36;0,28%;1116;TJRS;3;59,25%;19,75%;secondary
31760;3;898;511;34,83%;56,24;0,61%;1116;TJRR;2;35,83%;17,92%;secondary
94349;11010;12291;291;8,71%;56,10;0,15%;159;TJPA;3;11,62%;3,87%;secondary
9998;11383;22;1801;49,27%;55,60;0,87%;1116;TJAL;4;52,10%;13,03%;secondary
18859;60;12265;596;3,77%;54,82;0,07%;1116;TJTO;3;16,61%;5,54%;secondary
28077;245;22;608;84,09%;54,76;1,51%;1116;TJPI;4;144,23%;36,06%;secondary
34574;493;581;321;69,18%;53,92;1,26%;7;TJPR;4;216,24%;54,06%;secondary
62941;60;982;287;3,01%;53,86;0,05%;7;TJPA;4;21,53%;5,38%;secondary
34945;970;36;115;15,19%;53,77;0,28%;7;TJRJ;3;45,50%;15,17%;secondary
105396;848;861;151;34,40%;53,21;0,63%;283;TJRJ;4;114,17%;28,54%;secondary
121203;132;12750;343;3,93%;53,16;0,07%;283;TJCE;2;4,11%;2,06%;secondary
121211;132;12749;237;2,72%;53,16;0,05%;283;TJCE;2;4,04%;2,02%;secondary
126639;970;12265;659;31,16%;52,81;0,58%;283;TJTO;3;82,19%;27,40%;secondary
28668;11383;12266;177;25,11%;52,74;0,47%;1116;TJRS;3;69,74%;23,25%;secondary
153;60;14;690;3,17%;52,57;0,06%;1116;TJSP;4;14,71%;3,68%;secondary
69005;11010;12266;1242;32,53%;52,44;0,61%;7;TJRS;3;68,12%;22,71%;secondary
19796;92;12265;185;13,26%;52,15;0,25%;1116;TJTO;3;113,83%;37,94%;secondary
126288;581;12265;698;8,71%;51,80;0,17%;283;TJTO;3;37,04%;12,35%;secondary
75706;51;67;607;15,83%;51,29;0,30%;159;TJRJ;4;36,25%;9,06%;secondary
19883;245;12287;127;12,51%;51,26;0,24%;1116;TJTO;2;20,85%;10,42%;secondary
99074;51;12293;219;1,92%;50,99;0,04%;159;TJRS;3;2,52%;0,84%;secondary
94039;60;982;274;3,06%;50,93;0,06%;159;TJPA;4;21,53%;5,38%;secondary
57825;898;12265;107;64,46%;50,85;1,24%;7;TJTO;3;114,23%;38,08%;secondary
34911;51;67;125;12,39%;50,56;0,24%;7;TJRJ;4;36,25%;9,06%;secondary
100529;60;987;187;2,13%;50,30;0,04%;159;TJMA;4;15,38%;3,85%;secondary
9028;132;982;215;4,34%;50,04;0,09%;1116;TJAM;3;5,80%;1,93%;secondary
99072;51;12265;1528;13,40%;49,93;0,26%;159;TJRS;3;59,25%;19,75%;secondary
19882;245;12265;151;14,88%;49,91;0,29%;1116;TJTO;2;19,04%;9,52%;secondary
130237;36;26;242;83,45%;49,62;1,65%;283;TJDFT;4;288,58%;72,14%;secondary
19802;92;12266;144;10,32%;49,46;0,20%;1116;TJTO;3;18,34%;6,11%;secondary
12440;893;48;119;17,17%;48,60;0,35%;1116;TJMG;4;44,70%;11,17%;secondary
134163;391;48;111;15,79%;48,60;0,32%;283;TJAC;1;15,79%;15,79%;secondary
3256;60;16;115;0,49%;48,38;0,01%;1116;TJSC;4;1,07%;0,27%;secondary
51486;118;26;2512;97,63%;48,09;1,99%;7;TJCE;4;388,84%;97,21%;secondary
114723;132;12283;157;1,62%;47,88;0,03%;283;TJAM;2;1,91%;0,96%;secondary
136698;246;11383;149;49,50%;47,21;1,03%;283;TJRS;4;123,06%;30,77%;secondary
8807;85;11025;158;1,28%;46,90;0,03%;1116;TJAM;3;1,29%;0,43%;secondary
8791;85;218;317;2,56%;46,79;0,05%;1116;TJAM;3;2,72%;0,91%;secondary
56917;581;12282;237;2,11%;46,02;0,04%;7;TJTO;3;4,81%;1,60%;secondary
28455;85;12266;1859;15,91%;45,80;0,34%;1116;TJRS;3;40,67%;13,56%;secondary
34922;60;67;146;50,00%;45,50;1,08%;7;TJRJ;4;92,40%;23,10%;secondary
56913;581;12287;228;2,03%;45,38;0,04%;7;TJTO;3;4,73%;1,58%;secondary
39724;246;118;359;51,14%;45,00;1,11%;7;TJES;4;128,90%;32,23%;secondary
8785;85;385;641;5,18%;44,95;0,11%;1116;TJAM;3;6,09%;2,03%;secondary
27985;848;479;325;67,29%;43,84;1,50%;1116;TJPI;1;67,29%;67,29%;secondary
8924;51;218;623;4,42%;42,79;0,10%;1116;TJAM;3;5,51%;1,84%;secondary
1639;60;471;180;1,53%;42,62;0,03%;1116;TJBA;4;1,67%;0,42%;secondary
141231;11383;417;212;9,16%;42,56;0,21%;283;TJAP;4;12,56%;3,14%;secondary
72324;11383;898;158;6,03%;42,18;0,14%;7;TJRR;2;15,80%;7,90%;secondary
55696;106;135;113;18,43%;41,58;0,43%;7;TJRN;4;77,41%;19,35%;secondary
121715;123;12749;202;3,28%;41,49;0,08%;283;TJCE;3;3,86%;1,29%;secondary
121704;123;12750;112;1,82%;41,49;0,04%;283;TJCE;2;2,20%;1,10%;secondary
56122;51;12288;307;1,66%;41,15;0,04%;7;TJTO;3;2,64%;0,88%;secondary
75703;51;11383;1145;29,86%;40,99;0,71%;159;TJRJ;4;103,83%;25,96%;secondary
126291;581;12266;216;2,70%;40,84;0,06%;283;TJTO;3;7,61%;2,54%;secondary
56301;60;12266;380;6,08%;40,76;0,15%;7;TJTO;3;9,66%;3,22%;secondary
28508;60;12266;273;2,69%;40,56;0,06%;1116;TJRS;3;6,47%;2,16%;secondary
140765;493;12268;112;1,03%;40,44;0,02%;283;TJAP;3;1,17%;0,39%;secondary
56919;581;12288;111;0,99%;40,33;0,02%;7;TJTO;3;2,13%;0,71%;secondary
70135;60;987;680;3,10%;39,98;0,08%;7;TJMA;4;15,38%;3,85%;secondary
24519;970;3;164;56,55%;39,98;1,38%;1116;TJPA;4;63,05%;15,76%;secondary
68538;85;12293;103;0,64%;39,57;0,02%;7;TJRS;3;3,23%;1,08%;secondary
103625;581;14;124;0,91%;39,50;0,02%;283;TJSP;4;4,72%;1,18%;secondary
113274;26;898;512;32,43%;39,04;0,81%;283;TJRO;4;33,57%;8,39%;secondary
100059;12164;12266;170;31,66%;38,85;0,79%;159;TJRS;3;84,38%;28,13%;secondary
68438;51;12265;3314;29,97%;38,81;0,75%;7;TJRS;3;59,25%;19,75%;secondary
104445;123;25;138;2,59%;38,44;0,07%;283;TJPR;4;3,44%;0,86%;secondary
68358;26;12283;189;6,93%;38,09;0,18%;7;TJRS;3;8,72%;2,91%;secondary
68359;26;12293;151;5,53%;38,09;0,14%;7;TJRS;3;19,46%;6,49%;secondary
80461;123;10966;105;8,61%;37,97;0,22%;159;TJPE;4;14,47%;3,62%;secondary
93706;36;26;151;74,02%;37,91;1,90%;159;TJDFT;4;288,58%;72,14%;secondary
127247;493;118;353;79,33%;37,88;2,04%;283;TJTO;2;155,19%;77,59%;secondary
104674;11010;25;278;7,32%;37,84;0,19%;283;TJPR;4;13,51%;3,38%;secondary
137695;60;987;1419;6,38%;37,83;0,16%;283;TJMA;4;15,38%;3,85%;secondary
62954;60;12291;147;1,54%;37,80;0,04%;7;TJPA;3;3,19%;1,06%;secondary
125875;11010;12265;1055;20,97%;37,64;0,54%;283;TJTO;3;92,33%;30,78%;secondary
13449;123;978;272;4,02%;37,59;0,10%;1116;TJMT;3;4,21%;1,40%;secondary
64199;12164;92;109;91,60%;37,39;2,39%;7;TJMS;3;274,93%;91,64%;secondary
22660;51;1003;366;1,29%;37,37;0,03%;1116;TJDFT;4;24,55%;6,14%;secondary
9743;51;1061;946;5,60%;37,35;0,15%;1116;TJAL;4;47,58%;11,90%;secondary
22657;51;1017;1709;6,02%;37,35;0,16%;1116;TJDFT;4;12,80%;3,20%;secondary
42065;581;3;1044;13,59%;37,16;0,36%;7;TJGO;4;36,26%;9,06%;secondary
73721;581;980;560;4,86%;37,00;0,13%;7;TJAP;4;10,95%;2,74%;secondary
28646;246;11383;354;50,43%;36,88;1,33%;1116;TJRS;4;123,06%;30,77%;secondary
137693;60;115;200;0,90%;36,78;0,02%;283;TJMA;4;2,55%;0,64%;secondary
110239;123;981;632;49,57%;36,75;1,31%;283;TJES;4;64,74%;16,18%;secondary
105638;26;245;166;13,89%;36,60;0,37%;283;TJRJ;4;75,77%;18,94%;secondary
75900;26;36;142;30,21%;36,56;0,80%;159;TJRJ;4;161,44%;40,36%;secondary
121959;970;22;153;4,84%;36,54;0,13%;283;TJCE;1;4,84%;4,84%;secondary
54;123;463;148;2,06%;36,44;0,06%;1116;TJSP;1;2,06%;2,06%;secondary
37343;60;48;4552;22,65%;36,15;0,61%;7;TJSC;4;95,74%;23,94%;secondary
121289;60;12750;219;0,80%;36,15;0,02%;283;TJCE;3;0,89%;0,30%;secondary
121277;60;12749;170;0,62%;36,15;0,02%;283;TJCE;3;0,74%;0,25%;secondary
72127;3;36;168;7,98%;36,03;0,22%;7;TJRR;2;8,52%;4,26%;secondary
90311;3;92;204;14,24%;35,67;0,39%;159;TJRN;4;29,79%;7,45%;secondary
33581;51;14;199;1,04%;35,41;0,03%;7;TJSP;4;4,75%;1,19%;secondary
23779;51;263;574;1,94%;35,19;0,05%;1116;TJPA;4;2,79%;0,70%;secondary
96634;51;480;249;1,52%;35,11;0,04%;159;TJAC;1;1,52%;1,52%;secondary
22638;848;12430;184;17,21%;34,97;0,48%;1116;TJDFT;4;42,34%;10,59%;secondary
1149;898;25;161;52,96%;34,96;1,47%;1116;TJPR;4;163,47%;40,87%;secondary
42072;581;26;342;4,45%;34,89;0,12%;7;TJGO;4;36,00%;9,00%;secondary
78229;1051;471;129;3,97%;34,58;0,11%;159;TJSC;3;7,66%;2,55%;secondary
16859;245;218;106;7,09%;34,48;0,20%;1116;TJRN;2;7,36%;3,68%;secondary
64060;92;12536;152;2,43%;34,28;0,07%;7;TJMS;1;2,43%;2,43%;secondary
90068;1051;849;136;5,17%;34,26;0,15%;159;TJRN;4;8,45%;2,11%;secondary
105664;970;245;101;6,72%;34,25;0,19%;283;TJRJ;3;50,23%;16,74%;secondary
16279;118;26;3519;97,08%;34,12;2,76%;1116;TJCE;4;388,84%;97,21%;secondary
23709;3;132;365;99,73%;33,76;2,87%;1116;TJDFT;4;327,32%;81,83%;secondary
12984;385;48;114;49,14%;33,76;1,41%;1116;TJMG;4;181,42%;45,35%;secondary
94285;85;12291;372;3,94%;33,62;0,11%;159;TJPA;3;5,90%;1,97%;secondary
138176;123;981;736;44,99%;33,26;1,31%;283;TJMA;4;72,92%;18,23%;secondary
132692;11010;12067;170;2,29%;33,14;0,07%;283;TJSE;4;6,69%;1,67%;secondary
7854;245;1061;132;9,51%;33,08;0,28%;1116;TJRO;3;28,73%;9,58%;secondary
5337;246;861;869;65,19%;33,08;1,91%;1116;TJES;3;101,03%;33,68%;secondary
98827;1013;48;195;51,32%;33,06;1,51%;159;TJPI;1;51,32%;51,32%;secondary
99660;11383;870;2410;61,43%;33,05;1,80%;159;TJRS;3;75,86%;25,29%;secondary
99641;11383;12293;118;3,01%;33,05;0,09%;159;TJRS;3;7,65%;2,55%;secondary
139864;22;12143;252;87,20%;32,99;2,57%;283;TJRR;1;87,20%;87,20%;secondary
110236;123;979;419;32,86%;32,91;0,97%;283;TJES;4;200,89%;50,22%;secondary
99640;11383;12266;521;13,28%;32,79;0,39%;159;TJRS;3;69,74%;23,25%;secondary
63645;12164;12291;174;31,52%;32,53;0,94%;7;TJPA;3;37,43%;12,48%;secondary
1437;26;36;4098;97,94%;32,51;2,92%;1116;TJRJ;4;161,44%;40,36%;secondary
139403;132;25;482;7,29%;32,27;0,22%;283;TJRR;3;9,18%;3,06%;secondary
41246;123;982;594;12,37%;32,15;0,37%;7;TJPE;4;83,58%;20,89%;secondary
6520;123;982;890;15,65%;32,08;0,47%;1116;TJPE;4;83,58%;20,89%;secondary
136722;1061;132;216;56,69%;32,05;1,72%;283;TJRS;4;226,70%;56,68%;secondary
73843;11383;417;179;3,21%;31,98;0,10%;7;TJAP;4;12,56%;3,14%;secondary
34931;26;970;593;26,32%;31,91;0,80%;7;TJRJ;3;91,31%;30,44%;secondary
1280;51;11383;1315;31,01%;31,60;0,95%;1116;TJRJ;4;103,83%;25,96%;secondary
78233;1051;861;155;4,77%;31,52;0,15%;159;TJSC;4;5,74%;1,43%;secondary
125890;11010;26;139;2,76%;31,46;0,09%;283;TJTO;3;4,13%;1,38%;secondary
64061;92;12185;137;2,19%;31,22;0,07%;7;TJMS;4;10,98%;2,75%;secondary
46496;980;479;177;66,79%;31,18;2,08%;7;TJAL;2;132,18%;66,09%;secondary
112360;982;22;179;67,80%;30,95;2,12%;283;TJGO;2;167,80%;83,90%;secondary
1602;11010;461;245;1,71%;30,82;0,05%;1116;TJBA;4;1,80%;0,45%;secondary
34908;51;11383;263;26,07%;30,82;0,82%;7;TJRJ;4;103,83%;25,96%;secondary
99338;85;12293;306;2,29%;30,75;0,07%;159;TJRS;3;3,23%;1,08%;secondary
4829;385;848;118;63,10%;30,71;1,99%;1116;TJSC;2;65,63%;32,82%;secondary
6964;85;26;197;6,07%;30,68;0,19%;1116;TJGO;4;16,72%;4,18%;secondary
888;11010;25;163;3,99%;30,62;0,13%;1116;TJPR;4;13,51%;3,38%;secondary
68826;11383;12266;295;31,35%;30,60;0,99%;7;TJRS;3;69,74%;23,25%;secondary
40623;26;982;570;81,66%;30,23;2,61%;7;TJES;3;100,84%;33,61%;secondary
17183;898;11009;136;7,54%;30,14;0,24%;1116;TJRN;4;19,24%;4,81%;secondary
18857;60;12291;123;0,78%;30,06;0,03%;1116;TJTO;3;2,16%;0,72%;secondary
49;123;14;209;2,91%;29,71;0,09%;1116;TJSP;4;14,28%;3,57%;secondary
18475;26;12282;512;7,66%;29,40;0,25%;1116;TJTO;3;57,19%;19,06%;secondary
63001;51;218;189;1,84%;29,20;0,06%;7;TJPA;4;3,81%;0,95%;secondary
100982;898;849;285;64,04%;28,97;2,14%;159;TJMA;4;258,92%;64,73%;secondary
78236;1051;11009;156;4,80%;28,87;0,16%;159;TJSC;4;11,12%;2,78%;secondary
1184;11014;25;158;83,60%;28,76;2,81%;1116;TJPR;2;97,88%;48,94%;secondary
75903;26;245;257;54,68%;28,71;1,84%;159;TJRJ;4;75,77%;18,94%;secondary
417;51;454;186;2,43%;28,51;0,08%;1116;TJSP;2;2,54%;1,27%;secondary
108012;60;18;129;0,38%;28,49;0,01%;283;TJSC;3;0,41%;0,14%;secondary
121957;970;193;160;5,06%;28,48;0,17%;283;TJCE;1;5,06%;5,06%;secondary
40013;36;982;176;97,24%;28,40;3,31%;7;TJES;4;320,12%;80,03%;secondary
5338;246;118;200;15,00%;28,34;0,51%;1116;TJES;4;128,90%;32,23%;secondary
74826;85;14;632;4,58%;28,33;0,16%;159;TJSP;4;11,39%;2,85%;secondary
18921;581;12287;299;1,27%;28,30;0,04%;1116;TJTO;3;4,73%;1,58%;secondary
82308;51;1061;1460;18,78%;28,17;0,64%;159;TJAL;4;47,58%;11,90%;secondary
42620;132;12185;147;0,91%;28,06;0,03%;7;TJRO;4;3,47%;0,87%;secondary
20326;893;12265;314;28,31%;27,85;0,98%;1116;TJTO;2;48,31%;24,16%;secondary
28458;85;12265;185;1,58%;27,80;0,05%;1116;TJRS;3;12,65%;4,22%;secondary
28931;1051;12265;631;41,71%;27,78;1,45%;1116;TJRS;3;63,91%;21,30%;secondary
20328;893;118;241;21,73%;27,59;0,76%;1116;TJTO;2;25,06%;12,53%;secondary
99333;85;12266;1161;8,68%;27,53;0,30%;159;TJRS;3;40,67%;13,56%;secondary
44444;60;11008;110;0,33%;27,48;0,01%;7;TJAM;3;0,68%;0,23%;secondary
112749;132;12185;213;1,42%;27,48;0,05%;283;TJRO;4;3,47%;0,87%;secondary
57030;221;12265;134;54,03%;27,46;1,90%;7;TJTO;3;145,21%;48,40%;secondary
1284;51;123;1069;25,21%;27,41;0,89%;1116;TJRJ;4;73,99%;18,50%;secondary
6591;245;246;225;34,19%;27,30;1,21%;1116;TJPE;4;60,18%;15,05%;secondary
125665;26;12282;698;29,56%;27,09;1,05%;283;TJTO;3;57,19%;19,06%;secondary
46;123;276;111;1,55%;27,08;0,06%;1116;TJSP;2;1,68%;0,84%;secondary
64046;12185;92;273;89,80%;27,01;3,21%;7;TJMS;4;235,94%;58,98%;secondary
8952;51;25;2215;15,73%;26,93;0,56%;1116;TJAM;3;16,47%;5,49%;secondary
80921;581;3;108;12,12%;26,88;0,43%;159;TJGO;4;36,26%;9,06%;secondary
37583;1051;48;266;4,18%;26,77;0,15%;7;TJSC;4;21,23%;5,31%;secondary
56782;970;12287;195;8,41%;26,70;0,30%;7;TJTO;2;21,93%;10,97%;secondary
56304;60;26;163;2,61%;26,70;0,09%;7;TJTO;3;13,21%;4,40%;secondary
44418;60;12283;668;1,98%;26,67;0,07%;7;TJAM;3;2,94%;0,98%;secondary
18586;51;455;198;0,57%;26,60;0,02%;1116;TJTO;2;0,59%;0,29%;secondary
103686;60;14;594;2,01%;26,59;0,07%;283;TJSP;4;14,71%;3,68%;secondary
9057;60;12283;145;0,34%;26,40;0,01%;1116;TJAM;3;2,94%;0,98%;secondary
126012;123;12288;216;2,26%;26,38;0,08%;283;TJTO;3;6,74%;2,25%;secondary
126002;123;12287;146;1,53%;26,38;0,06%;283;TJTO;3;4,76%;1,59%;secondary
89180;118;26;2276;98,53%;26,29;3,61%;159;TJCE;4;388,84%;97,21%;secondary
83151;26;48;1079;60,55%;26,24;2,22%;159;TJMG;4;113,15%;28,29%;secondary
1508;51;26;2647;14,86%;26,22;0,55%;1116;TJBA;3;18,50%;6,17%;secondary
125993;123;12282;151;1,58%;26,20;0,06%;283;TJTO;3;2,66%;0,89%;secondary
121414;51;12749;209;1,08%;26,18;0,04%;283;TJCE;4;1,19%;0,30%;secondary
121410;51;12750;192;0,99%;26,18;0,04%;283;TJCE;2;1,03%;0,52%;secondary
22654;51;985;1197;4,22%;26,13;0,16%;1116;TJDFT;4;10,11%;2,53%;secondary
10342;196;1061;259;49,05%;26,04;1,81%;1116;TJAL;4;185,86%;46,47%;secondary
6989;581;3;126;4,99%;26,03;0,18%;1116;TJGO;4;36,26%;9,06%;secondary
125984;123;12265;650;6,80%;26,00;0,25%;283;TJTO;3;21,91%;7,30%;secondary
94148;51;12291;234;1,90%;25,92;0,07%;159;TJPA;3;2,79%;0,93%;secondary
73511;60;893;122;0,76%;25,90;0,03%;7;TJAP;4;1,96%;0,49%;secondary
89601;60;104;736;2,90%;25,84;0,11%;159;TJRN;4;9,12%;2,28%;secondary
5168;123;245;863;19,45%;25,80;0,73%;1116;TJES;2;19,50%;9,75%;secondary
29898;11014;849;135;62,50%;25,79;2,33%;1116;TJMA;3;162,50%;54,17%;secondary
125985;123;12266;673;7,04%;25,78;0,26%;283;TJTO;3;12,87%;4,29%;secondary
23177;11010;985;264;6,68%;25,76;0,25%;1116;TJDFT;4;10,45%;2,61%;secondary
6614;22;849;120;85,71%;25,73;3,21%;1116;TJPE;4;307,40%;76,85%;secondary
136834;36;10966;179;89,05%;25,73;3,33%;283;TJRS;2;93,33%;46,67%;secondary
138460;264;849;176;76,52%;25,68;2,87%;283;TJMA;4;333,24%;83,31%;secondary
9776;51;385;1615;9,56%;25,56;0,36%;1116;TJAL;4;10,77%;2,69%;secondary
9085;60;11025;194;0,46%;25,55;0,02%;1116;TJAM;3;0,51%;0,17%;secondary
72121;3;1051;157;7,45%;25,50;0,28%;7;TJRR;2;11,82%;5,91%;secondary
73361;51;239;148;0,61%;25,45;0,02%;7;TJAP;4;1,14%;0,28%;secondary
100958;493;118;1422;32,16%;25,41;1,22%;159;TJMA;4;100,73%;25,18%;secondary
20225;1061;11383;383;62,58%;25,29;2,38%;1116;TJTO;3;72,08%;24,03%;secondary
31685;276;898;186;60,59%;25,16;2,32%;1116;TJRR;1;60,59%;60,59%;secondary
94061;60;12291;134;1,49%;25,04;0,06%;159;TJPA;3;3,19%;1,06%;secondary
78225;1051;48;275;8,46%;25,01;0,33%;159;TJSC;4;21,23%;5,31%;secondary
74636;60;14;1125;4,40%;24,98;0,17%;159;TJSP;4;14,71%;3,68%;secondary
3250;60;48;6654;28,11%;24,97;1,08%;1116;TJSC;4;95,74%;23,94%;secondary
131093;26;246;425;23,42%;24,97;0,90%;283;TJPA;4;99,71%;24,93%;secondary
57698;394;12265;182;58,52%;24,95;2,25%;7;TJTO;3;143,00%;47,67%;secondary
114447;123;12283;1073;10,64%;24,94;0,41%;283;TJAM;3;12,48%;4,16%;secondary
1286;51;67;200;4,72%;24,87;0,18%;1116;TJRJ;4;36,25%;9,06%;secondary
126876;219;12265;128;39,75%;24,80;1,54%;283;TJTO;3;169,84%;56,61%;secondary
34492;123;26;1249;20,01%;24,80;0,78%;7;TJPR;3;39,09%;13,03%;secondary
8863;581;218;252;0,99%;24,73;0,04%;1116;TJAM;3;1,13%;0,38%;secondary
98107;11383;985;189;7,66%;24,72;0,30%;159;TJPI;4;21,42%;5,35%;secondary
136561;970;132;514;62,91%;24,70;2,45%;283;TJRS;4;159,62%;39,90%;secondary
56908;581;12265;1111;9,88%;24,66;0,39%;7;TJTO;3;37,04%;12,35%;secondary
79134;246;118;283;36,66%;24,65;1,43%;159;TJES;4;128,90%;32,23%;secondary
9074;60;385;510;1,21%;24,53;0,05%;1116;TJAM;3;2,26%;0,75%;secondary
8861;581;11025;1352;5,30%;24,50;0,21%;1116;TJAM;3;5,30%;1,77%;secondary
63193;85;12291;205;1,83%;24,45;0,07%;7;TJPA;3;5,90%;1,97%;secondary
128288;581;67;469;4,59%;24,43;0,18%;283;TJPB;4;7,89%;1,97%;secondary
69180;1051;12266;280;12,54%;24,38;0,49%;7;TJRS;3;19,74%;6,58%;secondary
42124;60;3;551;8,45%;24,38;0,33%;7;TJGO;4;33,91%;8,48%;secondary
32599;893;12164;251;17,31%;24,29;0,68%;1116;TJAP;4;18,48%;4,62%;secondary
24692;11010;1051;348;41,73%;24,27;1,65%;1116;TJMS;4;48,85%;12,21%;secondary
71992;246;12143;110;6,60%;24,25;0,26%;7;TJRR;3;57,24%;19,08%;secondary
1444;36;245;190;24,52%;24,24;0,97%;1116;TJRJ;4;58,16%;14,54%;secondary
22651;51;1063;432;1,52%;24,23;0,06%;1116;TJDFT;4;3,62%;0,91%;secondary
9386;245;581;193;66,10%;23,88;2,66%;1116;TJAM;3;125,86%;41,95%;secondary
75752;11383;861;278;6,00%;23,83;0,24%;159;TJRJ;4;27,09%;6,77%;secondary
126304;581;26;140;1,75%;23,83;0,07%;283;TJTO;3;2,68%;0,89%;secondary
113323;60;263;375;2,16%;23,81;0,09%;283;TJRO;1;2,16%;2,16%;secondary
33372;85;14;1076;4,03%;23,80;0,16%;7;TJSP;4;11,39%;2,85%;secondary
84279;893;48;116;21,32%;23,77;0,86%;159;TJMG;4;44,70%;11,17%;secondary
38072;3;48;791;19,34%;23,72;0,78%;7;TJSC;4;52,51%;13,13%;secondary
8883;581;335;210;0,82%;23,72;0,03%;1116;TJAM;1;0,82%;0,82%;secondary
75268;85;26;1922;12,44%;23,71;0,50%;159;TJPR;4;13,03%;3,26%;secondary
50149;581;11020;279;1,37%;23,68;0,06%;7;TJMT;4;4,76%;1,19%;secondary
31318;11383;898;484;9,77%;23,67;0,40%;1116;TJRR;2;15,80%;7,90%;secondary
136610;132;175;234;1,40%;23,66;0,06%;283;TJRS;1;1,40%;1,40%;secondary
65871;132;26;141;2,58%;23,56;0,11%;7;TJAC;4;7,27%;1,82%;secondary
33251;123;14;291;5,15%;23,55;0,21%;7;TJSP;4;14,28%;3,57%;secondary
78800;493;118;1442;29,87%;23,52;1,22%;159;TJES;4;112,47%;28,12%;secondary
22732;1051;1017;128;2,24%;23,47;0,09%;1116;TJDFT;4;2,34%;0,58%;secondary
37217;11010;48;200;2,31%;23,41;0,09%;7;TJSC;4;6,59%;1,65%;secondary
22633;848;245;318;29,75%;23,39;1,22%;1116;TJDFT;3;41,47%;13,82%;secondary
71975;246;861;506;30,35%;23,34;1,25%;7;TJRR;2;31,68%;15,84%;secondary
130304;581;898;127;1,36%;23,33;0,06%;283;TJDFT;3;1,98%;0,66%;secondary
22880;132;1017;254;0,86%;23,24;0,04%;1116;TJDFT;4;1,40%;0,35%;secondary
22891;132;1003;133;0,45%;23,24;0,02%;1116;TJDFT;4;1,38%;0,35%;secondary
107999;60;48;6145;18,16%;23,17;0,75%;283;TJSC;4;95,74%;23,94%;secondary
19786;463;12265;225;72,12%;23,08;2,99%;1116;TJTO;2;138,94%;69,47%;secondary
56775;970;12265;939;40,51%;23,07;1,68%;7;TJTO;3;82,19%;27,40%;secondary
23462;92;870;3434;97,09%;22,91;4,06%;1116;TJDFT;4;105,97%;26,49%;secondary
23294;118;60;419;58,85%;22,89;2,46%;1116;TJDFT;4;237,03%;59,26%;secondary
103541;26;22;1629;70,49%;22,73;2,97%;283;TJSP;4;91,06%;22,76%;secondary
127046;11878;12265;217;47,80%;22,72;2,01%;283;TJTO;2;142,67%;71,33%;secondary
18507;51;12266;465;1,33%;22,65;0,06%;1116;TJTO;3;3,36%;1,12%;secondary
22879;132;12430;321;1,09%;22,65;0,05%;1116;TJDFT;4;3,20%;0,80%;secondary
57270;219;12265;436;65,27%;22,52;2,77%;7;TJTO;3;169,84%;56,61%;secondary
121598;985;12750;218;8,26%;22,49;0,35%;283;TJCE;3;9,25%;3,08%;secondary
121590;985;12749;239;9,06%;22,49;0,39%;283;TJCE;3;13,56%;4,52%;secondary
6366;11383;10966;227;3,06%;22,49;0,13%;1116;TJPE;3;3,22%;1,07%;secondary
22733;1051;12430;142;2,48%;22,47;0,11%;1116;TJDFT;4;4,14%;1,03%;secondary
62194;970;12444;159;5,52%;22,46;0,24%;7;TJDFT;4;11,39%;2,85%;secondary
48800;14;132;102;34,93%;22,27;1,50%;7;TJMG;4;121,03%;30,26%;secondary
58084;12444;12265;125;48,64%;22,23;2,09%;7;TJTO;3;90,99%;30,33%;secondary
136616;60;132;1415;44,36%;22,19;1,91%;283;TJRS;4;87,93%;21,98%;secondary
74685;11383;14;145;2,51%;22,08;0,11%;159;TJSP;4;5,44%;1,36%;secondary
115816;51;1061;1265;7,68%;22,04;0,33%;283;TJAL;4;47,58%;11,90%;secondary
91575;67;118;137;5,50%;22,02;0,24%;159;TJPB;4;16,29%;4,07%;secondary
39890;581;1061;279;10,51%;21,97;0,46%;7;TJES;4;23,64%;5,91%;secondary
78802;493;1061;167;3,46%;21,87;0,15%;159;TJES;4;6,63%;1,66%;secondary
73179;493;1061;248;4,01%;21,75;0,18%;7;TJAP;4;8,92%;2,23%;secondary
105340;51;11383;1261;16,90%;21,75;0,74%;283;TJRJ;4;103,83%;25,96%;secondary
119581;123;26;752;12,06%;21,68;0,53%;283;TJMT;4;12,65%;3,16%;secondary
3867;3;16;146;2,67%;21,68;0,12%;1116;TJSC;2;2,84%;1,42%;secondary
110045;60;118;461;7,70%;21,62;0,34%;283;TJES;4;18,96%;4,74%;secondary
79132;246;861;269;34,84%;21,62;1,54%;159;TJES;3;101,03%;33,68%;secondary
80904;60;246;107;14,68%;21,55;0,65%;159;TJGO;4;26,74%;6,69%;secondary
30450;893;10966;370;24,29%;21,54;1,08%;1116;TJMA;4;35,84%;8,96%;secondary
3630;132;979;516;2,12%;21,47;0,09%;1116;TJSC;4;8,83%;2,21%;secondary
34934;26;245;138;6,13%;21,45;0,27%;7;TJRJ;4;75,77%;18,94%;secondary
31738;11009;1051;103;14,15%;21,43;0,63%;1116;TJRR;2;24,82%;12,41%;secondary
110794;51;12300;230;0,99%;21,40;0,04%;283;TJPE;4;1,30%;0,32%;secondary
80457;123;981;233;19,11%;21,40;0,85%;159;TJPE;4;46,18%;11,54%;secondary
68540;85;12266;2583;16,08%;21,39;0,72%;7;TJRS;3;40,67%;13,56%;secondary
29622;51;10966;965;4,86%;21,26;0,22%;1116;TJMA;4;11,84%;2,96%;secondary
22958;60;12430;1357;2,59%;21,24;0,12%;1116;TJDFT;4;8,75%;2,19%;secondary
99339;85;12265;217;1,62%;21,15;0,07%;159;TJRS;3;12,65%;4,22%;secondary
100488;123;981;257;18,90%;21,14;0,85%;159;TJMA;4;72,92%;18,23%;secondary
23558;11382;817;192;20,13%;21,10;0,91%;1116;TJDFT;3;21,44%;7,15%;secondary
34868;123;36;548;44,52%;21,06;2,02%;7;TJRJ;4;48,38%;12,10%;secondary
75808;493;11383;131;24,49%;20,84;1,12%;159;TJRJ;4;71,20%;17,80%;secondary
68539;85;12265;1517;9,44%;20,84;0,43%;7;TJRS;3;12,65%;4,22%;secondary
139167;85;26;201;4,72%;20,83;0,22%;283;TJRR;3;10,72%;3,57%;secondary
84180;1051;92;704;18,53%;20,81;0,85%;159;TJMG;4;32,62%;8,15%;secondary
138398;263;849;441;73,38%;20,74;3,38%;283;TJMA;3;273,38%;91,13%;secondary
113869;970;901;103;1,33%;20,73;0,06%;283;TJAM;1;1,33%;1,33%;secondary
33801;26;22;239;8,41%;20,67;0,39%;7;TJSP;4;91,06%;22,76%;secondary
68599;60;12266;360;3,15%;20,63;0,15%;7;TJRS;3;6,47%;2,16%;secondary
32750;979;581;366;90,15%;20,59;4,18%;1116;TJAP;4;360,96%;90,24%;secondary
77454;26;861;425;13,00%;20,58;0,60%;159;TJSC;4;18,80%;4,70%;secondary
93961;3;132;121;72,02%;20,57;3,34%;159;TJDFT;4;327,32%;81,83%;secondary
9091;60;218;121;0,29%;20,55;0,01%;1116;TJAM;3;0,69%;0,23%;secondary
1252;11383;861;486;4,87%;20,46;0,23%;1116;TJRJ;4;27,09%;6,77%;secondary
7078;3;26;113;3,90%;20,45;0,18%;1116;TJGO;3;4,86%;1,62%;secondary
6952;60;196;118;2,02%;20,42;0,09%;1116;TJGO;1;2,02%;2,02%;secondary
57078;980;12288;111;22,24%;20,34;1,04%;7;TJTO;3;54,34%;18,11%;secondary
126508;1051;118;325;23,21%;20,21;1,09%;283;TJTO;3;64,16%;21,39%;secondary
18860;60;12266;217;1,37%;20,21;0,06%;1116;TJTO;3;9,66%;3,22%;secondary
23788;51;221;103;0,35%;20,15;0,02%;1116;TJPA;3;1,02%;0,34%;secondary
77642;60;48;3262;26,82%;20,15;1,27%;159;TJSC;4;95,74%;23,94%;secondary
12467;135;272;120;10,41%;20,08;0,49%;1116;TJMG;4;34,85%;8,71%;secondary
33517;11383;14;177;2,03%;20,03;0,10%;7;TJSP;4;5,44%;1,36%;secondary
6963;85;3;306;9,44%;19,97;0,45%;1116;TJGO;4;21,17%;5,29%;secondary
133906;106;1051;105;11,85%;19,95;0,57%;283;TJAC;3;12,68%;4,23%;secondary
35046;85;190;114;0,40%;19,93;0,02%;7;TJBA;4;1,01%;0,25%;secondary
79970;26;981;1020;99,22%;19,93;4,74%;159;TJES;3;99,48%;33,16%;secondary
128105;85;67;554;7,03%;19,91;0,34%;283;TJPB;4;11,80%;2,95%;secondary
104598;51;25;241;1,83%;19,88;0,09%;283;TJPR;4;5,61%;1,40%;secondary
141077;581;12294;144;0,42%;19,88;0,02%;283;TJAP;1;0,42%;0,42%;secondary
32252;132;12164;516;2,03%;19,85;0,10%;1116;TJAP;4;3,99%;1,00%;secondary
7082;3;25;196;6,77%;19,81;0,33%;1116;TJGO;3;14,44%;4,81%;secondary
3572;1051;48;213;3,74%;19,77;0,18%;1116;TJSC;4;21,23%;5,31%;secondary
104540;132;1055;123;0,60%;19,75;0,03%;283;TJPR;1;0,60%;0,60%;secondary
4236;196;970;114;6,99%;19,71;0,34%;1116;TJSC;2;8,43%;4,22%;secondary
99494;246;11383;113;21,44%;19,70;1,04%;159;TJRS;4;123,06%;30,77%;secondary
55958;26;12282;1026;19,96%;19,64;0,97%;7;TJTO;3;57,19%;19,06%;secondary
55957;26;12287;141;2,74%;19,61;0,13%;7;TJTO;3;6,17%;2,06%;secondary
133223;245;12067;125;28,74%;19,60;1,39%;283;TJSE;4;63,30%;15,83%;secondary
31537;36;245;218;20,00%;19,59;0,97%;1116;TJRR;1;20,00%;20,00%;secondary
9942;581;865;312;0,93%;19,57;0,05%;1116;TJAL;2;0,94%;0,47%;secondary
45534;51;1061;3465;15,52%;19,56;0,75%;7;TJAL;4;47,58%;11,90%;secondary
44428;60;218;123;0,36%;19,55;0,02%;7;TJAM;3;0,69%;0,23%;secondary
141070;581;12268;182;0,53%;19,55;0,03%;283;TJAP;4;0,76%;0,19%;secondary
18906;581;12266;369;1,57%;19,52;0,08%;1116;TJTO;3;7,61%;2,54%;secondary
79059;123;979;1002;67,02%;19,51;3,27%;159;TJES;4;200,89%;50,22%;secondary
110208;581;118;108;5,72%;19,48;0,28%;283;TJES;4;26,08%;6,52%;secondary
109116;12164;12265;187;37,33%;19,47;1,82%;283;TJSC;3;100,71%;33,57%;secondary
105519;264;861;169;51,06%;19,44;2,50%;283;TJRJ;1;51,06%;51,06%;secondary
57728;200;12265;127;78,40%;19,40;3,84%;7;TJTO;3;241,72%;80,57%;secondary
1246;26;132;3198;100,00%;19,35;4,91%;1116;TJPR;4;261,94%;65,49%;secondary
102332;493;1061;378;3,07%;19,33;0,15%;159;TJAP;4;8,92%;2,23%;secondary
129833;51;1003;1414;5,47%;19,32;0,27%;283;TJDFT;4;24,55%;6,14%;secondary
31317;11383;970;164;3,31%;19,29;0,16%;1116;TJRR;2;4,68%;2,34%;secondary
60883;26;12261;141;2,70%;19,27;0,13%;7;TJDFT;3;2,74%;0,91%;secondary
16926;85;456;154;0,52%;19,27;0,03%;1116;TJRN;4;0,56%;0,14%;secondary
10001;11383;848;509;13,93%;19,26;0,69%;1116;TJAL;4;14,89%;3,72%;secondary
139468;985;1051;121;15,20%;19,23;0,75%;283;TJRR;3;92,31%;30,77%;secondary
296;26;982;3584;40,22%;19,22;1,99%;1116;TJSP;4;71,05%;17,76%;secondary
94744;581;123;186;30,34%;19,22;1,50%;159;TJPA;4;91,13%;22,78%;secondary
141061;581;980;759;2,20%;19,21;0,11%;283;TJAP;4;10,95%;2,74%;secondary
129823;51;1017;1126;4,35%;19,18;0,22%;283;TJDFT;4;12,80%;3,20%;secondary
135286;493;977;113;0,63%;19,15;0,03%;283;TJPI;4;2,34%;0,59%;secondary
91465;1061;118;754;33,48%;19,11;1,67%;159;TJPB;4;69,83%;17,46%;secondary
105636;26;970;741;62,01%;19,09;3,09%;283;TJRJ;3;91,31%;30,44%;secondary
3767;11010;48;231;1,73%;19,07;0,09%;1116;TJSC;4;6,59%;1,65%;secondary
75769;123;11383;233;37,16%;19,05;1,85%;159;TJRJ;4;88,81%;22,20%;secondary
77744;67;48;292;12,47%;19,05;0,62%;159;TJSC;4;51,07%;12,77%;secondary
13868;246;12214;178;7,34%;18,91;0,37%;1116;TJMT;4;50,78%;12,69%;secondary
125980;123;118;886;9,27%;18,90;0,47%;283;TJTO;3;21,27%;7,09%;secondary
61750;11010;12430;135;0,77%;18,84;0,04%;7;TJDFT;4;10,99%;2,75%;secondary
105343;51;848;219;2,93%;18,83;0,15%;283;TJRJ;4;4,59%;1,15%;secondary
70879;36;982;395;65,51%;18,81;3,31%;7;TJMA;4;236,83%;59,21%;secondary
44427;60;385;188;0,56%;18,79;0,03%;7;TJAM;3;2,26%;0,75%;secondary
28745;245;132;143;70,44%;18,77;3,56%;1116;TJRS;3;125,57%;41,86%;secondary
27015;11383;985;594;7,51%;18,70;0,38%;1116;TJPI;4;21,42%;5,35%;secondary
16982;581;104;200;0,57%;18,66;0,03%;1116;TJRN;4;3,54%;0,88%;secondary
27338;493;10966;111;1,02%;18,63;0,05%;1116;TJPI;3;1,43%;0,48%;secondary
68675;581;12266;210;3,47%;18,52;0,18%;7;TJRS;3;4,94%;1,65%;secondary
78114;132;979;368;3,30%;18,50;0,17%;159;TJSC;4;8,83%;2,21%;secondary
77931;3;11009;201;7,80%;18,50;0,40%;159;TJSC;4;21,64%;5,41%;secondary
15270;36;11025;138;4,28%;18,45;0,22%;1116;TJCE;4;7,76%;1,94%;secondary
115963;11383;1061;462;20,04%;18,31;1,04%;283;TJAL;4;122,26%;30,57%;secondary
129853;51;12455;474;1,83%;18,26;0,10%;283;TJDFT;4;13,62%;3,41%;secondary
56113;51;12098;113;0,61%;18,25;0,03%;7;TJTO;1;0,61%;0,61%;secondary
105362;11383;861;526;11,06%;18,25;0,57%;283;TJRJ;4;27,09%;6,77%;secondary
51584;51;12740;112;0,27%;18,21;0,01%;7;TJCE;4;0,52%;0,13%;secondary
75647;26;123;1894;84,52%;18,20;4,40%;159;TJPR;3;136,63%;45,54%;secondary
105448;67;861;242;14,21%;18,14;0,74%;283;TJRJ;4;18,12%;4,53%;secondary
121193;132;1045;111;1,27%;18,09;0,07%;283;TJCE;2;1,28%;0,64%;secondary
56706;123;12288;313;2,55%;18,07;0,13%;7;TJTO;3;6,74%;2,25%;secondary
56705;123;12287;140;1,14%;18,07;0,06%;7;TJTO;3;4,76%;1,59%;secondary
96921;245;246;220;55,28%;18,04;2,90%;159;TJAC;2;55,67%;27,83%;secondary
22684;51;12455;197;0,69%;18,04;0,04%;1116;TJDFT;4;13,62%;3,41%;secondary
33293;60;14;2587;5,14%;18,02;0,27%;7;TJSP;4;14,71%;3,68%;secondary
78027;36;22;307;31,23%;18,01;1,64%;159;TJSC;4;128,67%;32,17%;secondary
27230;51;36;3184;9,98%;17,97;0,53%;1116;TJPI;4;11,55%;2,89%;secondary
16900;85;193;160;0,54%;17,96;0,03%;1116;TJRN;4;0,95%;0,24%;secondary
18007;3;92;160;2,52%;17,95;0,13%;1116;TJRN;4;29,79%;7,45%;secondary
56721;123;12282;103;0,84%;17,89;0,04%;7;TJTO;3;2,66%;0,89%;secondary
24255;245;246;104;22,81%;17,87;1,21%;1116;TJPA;4;123,15%;30,79%;secondary
82109;493;118;895;22,98%;17,87;1,22%;159;TJRO;4;58,54%;14,63%;secondary
75330;51;471;325;3,49%;17,87;0,19%;159;TJPR;4;9,68%;2,42%;secondary
133585;132;26;133;1,96%;17,80;0,10%;283;TJAC;4;7,27%;1,82%;secondary
56905;581;12266;375;3,34%;17,79;0,18%;7;TJTO;3;7,61%;2,54%;secondary
97454;51;981;325;1,36%;17,77;0,07%;159;TJPI;3;1,42%;0,47%;secondary
37376;60;12266;549;2,73%;17,76;0,15%;7;TJSC;3;3,83%;1,28%;secondary
18904;581;12265;4328;18,44%;17,73;0,98%;1116;TJTO;3;37,04%;12,35%;secondary
122737;118;26;2218;95,60%;17,71;5,11%;283;TJCE;4;388,84%;97,21%;secondary
254;3;11010;188;8,16%;17,67;0,44%;1116;TJSP;4;9,12%;2,28%;secondary
3863;3;11009;622;11,39%;17,67;0,61%;1116;TJSC;4;21,64%;5,41%;secondary
139665;246;12143;589;45,87%;17,58;2,47%;283;TJRR;3;57,24%;19,08%;secondary
1524;51;22;265;1,49%;17,57;0,08%;1116;TJBA;3;3,93%;1,31%;secondary
91326;493;118;706;22,61%;17,57;1,22%;159;TJPB;4;62,46%;15,62%;secondary
86635;970;493;371;38,53%;17,53;2,08%;159;TJMT;4;110,83%;27,71%;secondary
129845;51;12444;1175;4,54%;17,44;0,25%;283;TJDFT;4;32,24%;8,06%;secondary
5790;461;11383;103;42,74%;17,43;2,32%;1116;TJES;4;90,84%;22,71%;secondary
136749;123;36;146;22,36%;17,38;1,22%;283;TJRS;3;22,98%;7,66%;secondary
26995;132;219;176;0,77%;17,36;0,04%;1116;TJPI;4;1,48%;0,37%;secondary
77772;493;123;5322;35,34%;17,36;1,92%;159;TJSC;4;139,36%;34,84%;secondary
56254;11010;12282;104;0,67%;17,30;0,04%;7;TJTO;3;2,19%;0,73%;secondary
74890;581;11009;104;2,56%;17,17;0,14%;159;TJSP;4;8,05%;2,01%;secondary
42672;51;12185;2338;9,20%;17,15;0,51%;7;TJRO;4;29,22%;7,30%;secondary
56695;123;12265;1021;8,30%;17,14;0,46%;7;TJTO;3;21,91%;7,30%;secondary
80360;92;246;539;25,79%;17,11;1,42%;159;TJPE;4;68,66%;17,17%;secondary
136603;132;353;289;1,73%;17,04;0,10%;283;TJRS;1;1,73%;1,73%;secondary
28485;60;1061;2059;20,30%;17,03;1,13%;1116;TJRS;4;129,11%;32,28%;secondary
110781;51;12140;325;1,40%;17,03;0,08%;283;TJPE;1;1,40%;1,40%;secondary
75807;493;67;244;45,61%;17,03;2,53%;159;TJRJ;4;151,24%;37,81%;secondary
114986;1051;132;314;33,73%;16,91;1,88%;283;TJAM;3;36,14%;12,05%;secondary
99919;26;12265;209;5,25%;16,89;0,29%;159;TJRS;3;9,59%;3,20%;secondary
99917;26;12293;550;13,82%;16,89;0,77%;159;TJRS;3;19,46%;6,49%;secondary
56119;51;12266;210;1,13%;16,89;0,06%;7;TJTO;3;3,36%;1,12%;secondary
28272;581;12265;1522;17,60%;16,87;0,98%;1116;TJRS;3;24,99%;8,33%;secondary
43970;123;980;279;6,68%;16,87;0,37%;7;TJAM;3;8,61%;2,87%;secondary
17489;1051;849;176;2,91%;16,86;0,16%;1116;TJRN;4;8,45%;2,11%;secondary
133251;11878;85;109;39,93%;16,77;2,25%;283;TJSE;3;144,73%;48,24%;secondary
76508;123;118;353;10,27%;16,76;0,58%;159;TJBA;4;22,48%;5,62%;secondary
22966;60;898;5152;9,82%;16,73;0,55%;1116;TJDFT;4;11,28%;2,82%;secondary
40371;970;1061;118;21,93%;16,72;1,24%;7;TJES;4;38,21%;9,55%;secondary
70931;898;849;169;55,59%;16,71;3,14%;7;TJMA;4;258,92%;64,73%;secondary
19419;461;12265;205;87,98%;16,71;4,97%;1116;TJTO;3;180,96%;60,32%;secondary
75753;11383;67;983;21,23%;16,70;1,20%;159;TJRJ;4;51,52%;12,88%;secondary
13866;246;493;1332;54,91%;16,70;3,10%;1116;TJMT;4;167,19%;41,80%;secondary
809;51;848;182;0,72%;16,67;0,04%;1116;TJPR;4;1,10%;0,27%;secondary
25132;60;12067;184;0,34%;16,67;0,02%;1116;TJSE;4;0,79%;0,20%;secondary
14600;26;11025;238;2,16%;16,66;0,12%;1116;TJCE;4;3,45%;0,86%;secondary
63117;493;848;103;2,82%;16,61;0,16%;7;TJPA;4;10,50%;2,62%;secondary
101273;36;982;227;58,51%;16,61;3,32%;159;TJMA;4;236,83%;59,21%;secondary
50013;246;12214;338;14,11%;16,57;0,80%;7;TJMT;4;50,78%;12,69%;secondary
2171;123;92;130;1,97%;16,57;0,11%;1116;TJBA;4;8,60%;2,15%;secondary
70153;60;479;114;0,52%;16,53;0,03%;7;TJMA;4;0,84%;0,21%;secondary
28210;479;245;320;96,97%;16,48;5,55%;1116;TJPI;1;96,97%;96,97%;secondary
9610;898;36;1910;80,05%;16,47;4,58%;1116;TJAM;1;80,05%;80,05%;secondary
104558;493;25;248;1,59%;16,45;0,09%;283;TJPR;2;1,82%;0,91%;secondary
56696;123;12266;567;4,61%;16,41;0,26%;7;TJTO;3;12,87%;4,29%;secondary
18505;51;12291;168;0,48%;16,41;0,03%;1116;TJTO;3;1,72%;0,57%;secondary
56710;123;12291;103;0,84%;16,38;0,05%;7;TJTO;3;2,15%;0,72%;secondary
2739;982;849;138;19,57%;16,38;1,13%;1116;TJBA;1;19,57%;19,57%;secondary
69617;26;982;384;45,28%;16,32;2,61%;7;TJMA;4;111,14%;27,78%;secondary
92974;581;1061;468;13,92%;16,30;0,81%;159;TJDFT;3;22,09%;7,36%;secondary
27155;60;10966;291;1,47%;16,18;0,09%;1116;TJPI;4;2,09%;0,52%;secondary
98845;11009;48;208;75,91%;16,17;4,42%;159;TJPI;1;75,91%;75,91%;secondary
77774;493;48;2482;16,48%;16,15;0,96%;159;TJSC;4;40,57%;10,14%;secondary
34832;26;132;1284;99,46%;16,13;5,81%;7;TJPR;4;261,94%;65,49%;secondary
35965;246;849;661;50,61%;16,13;2,96%;7;TJBA;4;176,07%;44,02%;secondary
35162;51;22;347;1,82%;16,12;0,11%;7;TJBA;3;3,93%;1,31%;secondary
3570;1051;471;202;3,54%;16,11;0,21%;1116;TJSC;3;7,66%;2,55%;secondary
99975;11010;12265;792;20,84%;16,09;1,22%;159;TJRS;3;70,70%;23,57%;secondary
29570;132;264;111;0,46%;16,08;0,03%;1116;TJMA;4;0,53%;0,13%;secondary
3556;245;385;129;4,22%;16,08;0,25%;1116;TJSC;2;5,00%;2,50%;secondary
109953;11010;118;315;8,09%;16,04;0,47%;283;TJES;4;25,68%;6,42%;secondary
10419;981;581;118;47,77%;16,03;2,80%;1116;TJAL;4;72,27%;18,07%;secondary
94091;51;218;125;1,01%;16,01;0,06%;159;TJPA;4;3,81%;0,95%;secondary
29388;276;849;134;17,31%;15,99;1,02%;1116;TJMA;3;108,06%;36,02%;secondary
113911;60;12283;366;0,62%;15,99;0,04%;283;TJAM;3;2,94%;0,98%;secondary
5696;36;982;236;63,27%;15,98;3,73%;1116;TJES;4;320,12%;80,03%;secondary
133560;132;48;360;5,32%;15,98;0,31%;283;TJAC;4;10,42%;2,60%;secondary
56108;51;12387;200;1,08%;15,94;0,06%;7;TJTO;3;2,13%;0,71%;secondary
39969;123;979;1171;66,31%;15,93;3,92%;7;TJES;4;200,89%;50,22%;secondary
18919;581;12291;173;0,74%;15,90;0,04%;1116;TJTO;3;2,29%;0,76%;secondary
100691;581;118;823;12,33%;15,87;0,73%;159;TJMA;4;33,08%;8,27%;secondary
13196;479;493;185;60,46%;15,82;3,59%;1116;TJMT;4;227,27%;56,82%;secondary
55060;12164;132;225;23,89%;15,80;1,42%;7;TJRN;4;111,05%;27,76%;secondary
5692;981;36;197;96,10%;15,78;5,73%;1116;TJES;4;293,45%;73,36%;secondary
129942;970;12444;105;1,04%;15,75;0,06%;283;TJDFT;4;11,39%;2,85%;secondary
95492;493;12067;108;0,39%;15,74;0,02%;159;TJSE;4;1,49%;0,37%;secondary
69171;1051;12265;211;9,45%;15,73;0,56%;7;TJRS;3;63,91%;21,30%;secondary
76640;246;849;199;38,42%;15,71;2,30%;159;TJBA;4;176,07%;44,02%;secondary
81246;60;12164;184;0,82%;15,70;0,05%;159;TJRO;3;2,16%;0,72%;secondary
99202;60;12265;166;0,91%;15,68;0,05%;159;TJRS;3;2,55%;0,85%;secondary
20895;51;160;352;0,63%;15,64;0,04%;1116;TJPB;4;1,96%;0,49%;secondary
108203;3;48;654;14,58%;15,63;0,88%;283;TJSC;4;52,51%;13,13%;secondary
34937;26;10966;299;13,27%;15,61;0,80%;7;TJRJ;3;17,31%;5,77%;secondary
117625;51;48;849;3,34%;15,56;0,20%;283;TJMG;4;43,90%;10,97%;secondary
23090;106;26;111;5,04%;15,51;0,31%;1116;TJDFT;3;9,22%;3,07%;secondary
32345;581;980;360;1,28%;15,50;0,08%;1116;TJAP;4;10,95%;2,74%;secondary
95489;493;3;1286;4,66%;15,47;0,28%;159;TJSE;4;12,13%;3,03%;secondary
95057;92;11010;228;26,18%;15,47;1,59%;159;TJMS;4;68,32%;17,08%;secondary
68769;246;123;201;42,49%;15,46;2,58%;7;TJRS;4;89,52%;22,38%;secondary
38505;67;48;297;10,62%;15,46;0,65%;7;TJSC;4;51,07%;12,77%;secondary
56232;11010;12287;505;3,26%;15,43;0,20%;7;TJTO;3;7,43%;2,48%;secondary
24117;3;12098;317;4,17%;15,42;0,25%;1116;TJPA;2;4,33%;2,16%;secondary
112830;51;12185;828;7,59%;15,41;0,46%;283;TJRO;4;29,22%;7,30%;secondary
18771;11010;12287;663;2,22%;15,41;0,14%;1116;TJTO;3;7,43%;2,48%;secondary
98077;898;1061;125;41,67%;15,37;2,55%;159;TJPI;4;80,59%;20,15%;secondary
35556;92;458;117;1,02%;15,36;0,06%;7;TJBA;4;2,17%;0,54%;secondary
105346;51;67;247;3,31%;15,36;0,20%;283;TJRJ;4;36,25%;9,06%;secondary
38002;132;979;650;2,85%;15,28;0,18%;7;TJSC;4;8,83%;2,21%;secondary
77879;85;979;130;0,54%;15,27;0,03%;159;TJSC;4;1,32%;0,33%;secondary
18858;60;106;2213;14,01%;15,22;0,86%;1116;TJTO;3;16,77%;5,59%;secondary
56227;11010;12265;6235;40,30%;15,19;2,49%;7;TJTO;3;92,33%;30,78%;secondary
77869;85;980;122;0,51%;15,18;0,03%;159;TJSC;4;1,72%;0,43%;secondary
3827;36;22;1244;38,94%;15,16;2,41%;1116;TJSC;4;128,67%;32,17%;secondary
37261;11010;12266;851;9,82%;15,14;0,61%;7;TJSC;3;14,73%;4,91%;secondary
103572;123;14;593;3,74%;15,12;0,23%;283;TJSP;4;14,28%;3,57%;secondary
98511;1051;48;114;5,23%;15,09;0,33%;159;TJPI;1;5,23%;5,23%;secondary
70312;92;479;106;0,98%;15,05;0,06%;7;TJMA;3;1,55%;0,52%;secondary
133848;51;48;152;3,23%;15,04;0,20%;283;TJAC;4;5,22%;1,31%;secondary
4117;848;979;381;17,37%;15,02;1,08%;1116;TJSC;4;114,65%;28,66%;secondary
3633;132;981;253;1,04%;15,01;0,06%;1116;TJSC;4;2,98%;0,75%;secondary
75942;26;982;669;17,76%;15,00;1,11%;159;TJBA;4;47,26%;11,82%;secondary
105337;51;123;2035;27,27%;14,96;1,71%;283;TJRJ;4;73,99%;18,50%;secondary
26926;26;981;471;5,65%;14,95;0,35%;1116;TJPI;4;72,54%;18,13%;secondary
8344;493;92;567;4,55%;14,87;0,29%;1116;TJRO;4;6,89%;1,72%;secondary
8950;51;22;179;1,27%;14,87;0,08%;1116;TJAM;3;2,56%;0,85%;secondary
38448;970;48;226;16,33%;14,84;1,03%;7;TJSC;4;65,08%;16,27%;secondary
108342;132;394;151;0,63%;14,82;0,04%;283;TJSC;4;0,95%;0,24%;secondary
14838;51;11025;899;2,00%;14,82;0,13%;1116;TJCE;4;3,21%;0,80%;secondary
30898;106;51;594;79,09%;14,81;5,00%;1116;TJRR;3;103,28%;34,43%;secondary
106004;246;849;325;37,49%;14,80;2,37%;283;TJBA;4;176,07%;44,02%;secondary
88189;60;36;1755;5,32%;14,79;0,34%;159;TJCE;4;9,38%;2,35%;secondary
9970;11009;132;183;34,46%;14,79;2,18%;1116;TJAL;4;147,94%;36,98%;secondary
125714;11383;12282;131;2,05%;14,78;0,13%;283;TJTO;3;4,89%;1,63%;secondary
125721;11383;12287;250;3,91%;14,78;0,25%;283;TJTO;3;10,68%;3,56%;secondary
95234;26;3;370;13,46%;14,77;0,85%;159;TJSE;4;65,59%;16,40%;secondary
2076;196;22;227;16,12%;14,74;1,02%;1116;TJBA;2;17,36%;8,68%;secondary
986;1051;25;203;3,06%;14,74;0,19%;1116;TJPR;4;5,58%;1,40%;secondary
92962;581;1051;924;27,49%;14,73;1,75%;159;TJDFT;4;51,54%;12,89%;secondary
126306;581;22;169;2,11%;14,72;0,13%;283;TJTO;3;4,00%;1,33%;secondary
82541;1061;246;141;4,50%;14,72;0,29%;159;TJAL;4;15,82%;3,95%;secondary
108554;970;48;829;11,39%;14,72;0,72%;283;TJSC;4;65,08%;16,27%;secondary
3447;85;980;414;1,01%;14,70;0,06%;1116;TJSC;4;1,72%;0,43%;secondary
48356;25;48;119;44,40%;14,68;2,83%;7;TJMG;4;159,87%;39,97%;secondary
6122;51;12430;285;0,68%;14,63;0,04%;1116;TJPE;4;2,27%;0,57%;secondary
73724;581;12164;113;0,98%;14,61;0,06%;7;TJAP;4;3,19%;0,80%;secondary
61522;36;26;145;31,25%;14,61;2,00%;7;TJDFT;4;288,58%;72,14%;secondary
61254;51;1003;5280;10,46%;14,58;0,67%;7;TJDFT;4;24,55%;6,14%;secondary
61276;51;1017;976;1,93%;14,56;0,12%;7;TJDFT;4;12,80%;3,20%;secondary
3532;245;48;436;14,26%;14,56;0,92%;1116;TJSC;4;59,90%;14,97%;secondary
64164;785;92;169;82,04%;14,52;5,29%;7;TJMS;1;82,04%;82,04%;secondary
22970;60;193;195;0,37%;14,51;0,02%;1116;TJDFT;3;0,38%;0,13%;secondary
61553;581;1061;368;7,09%;14,48;0,46%;7;TJDFT;3;22,09%;7,36%;secondary
85948;581;11020;736;2,95%;14,48;0,19%;159;TJMT;4;4,76%;1,19%;secondary
34407;85;25;175;0,72%;14,47;0,05%;7;TJPR;4;8,79%;2,20%;secondary
110770;26;193;266;7,22%;14,45;0,47%;283;TJPE;4;12,85%;3,21%;secondary
32025;60;893;511;1,14%;14,42;0,07%;1116;TJAP;4;1,96%;0,49%;secondary
25614;196;12067;136;5,12%;14,39;0,33%;1116;TJSE;3;17,13%;5,71%;secondary
31538;36;85;290;26,61%;14,38;1,73%;1116;TJRR;2;28,01%;14,01%;secondary
56932;581;220;101;0,90%;14,38;0,06%;7;TJTO;3;1,05%;0,35%;secondary
68590;60;1061;5593;48,95%;14,36;3,19%;7;TJRS;4;129,11%;32,28%;secondary
46078;981;123;108;36,12%;14,36;2,35%;7;TJAL;4;96,33%;24,08%;secondary
136638;85;132;475;42,30%;14,34;2,76%;283;TJRS;4;104,36%;26,09%;secondary
140458;51;239;150;0,47%;14,32;0,03%;283;TJAP;4;1,14%;0,28%;secondary
136791;10966;132;159;83,25%;14,31;5,44%;283;TJRS;4;133,77%;33,44%;secondary
21846;106;1051;153;22,80%;14,25;1,50%;1116;TJPB;4;56,37%;14,09%;secondary
31108;246;12143;151;4,77%;14,25;0,31%;1116;TJRR;3;57,24%;19,08%;secondary
82034;132;12185;114;0,68%;14,23;0,04%;159;TJRO;4;3,47%;0,87%;secondary
131382;493;848;151;4,23%;14,22;0,28%;283;TJPA;4;10,50%;2,62%;secondary
100528;60;118;1050;11,95%;14,21;0,79%;159;TJMA;4;26,77%;6,69%;secondary
3284;60;12266;233;0,98%;14,20;0,06%;1116;TJSC;3;3,83%;1,28%;secondary
17296;12164;132;287;18,22%;14,18;1,20%;1116;TJRN;4;111,05%;27,76%;secondary
131518;970;11009;155;15,26%;14,15;1,01%;283;TJPA;4;43,97%;10,99%;secondary
62899;26;246;382;11,33%;14,15;0,75%;7;TJPA;4;99,71%;24,93%;secondary
55953;26;118;500;9,73%;14,13;0,64%;7;TJTO;3;15,52%;5,17%;secondary
82538;1061;581;876;27,96%;14,11;1,85%;159;TJAL;4;125,82%;31,45%;secondary
96438;60;480;923;2,03%;14,11;0,13%;159;TJAC;2;2,03%;1,02%;secondary
102059;60;12268;116;0,26%;14,10;0,02%;159;TJAP;4;1,42%;0,35%;secondary
56441;1051;26;170;1,27%;14,07;0,08%;7;TJTO;3;3,07%;1,02%;secondary
10076;123;22;169;8,36%;14,06;0,56%;1116;TJAL;3;8,80%;2,93%;secondary
100090;67;85;107;29,32%;14,04;1,95%;159;TJRS;1;29,32%;29,32%;secondary
73946;979;581;559;87,89%;14,02;5,85%;7;TJAP;4;360,96%;90,24%;secondary
6172;51;56;145;0,34%;14,01;0,02%;1116;TJPE;3;0,41%;0,14%;secondary
120914;263;493;107;85,60%;13,98;5,72%;283;TJMT;2;185,60%;92,80%;secondary
140762;493;1061;151;1,39%;13,95;0,09%;283;TJAP;4;8,92%;2,23%;secondary
102367;132;12164;160;1,06%;13,94;0,07%;159;TJAP;4;3,99%;1,00%;secondary
1454;26;471;378;2,85%;13,92;0,19%;1116;TJBA;3;3,39%;1,13%;secondary
18194;981;60;102;33,77%;13,91;2,27%;1116;TJRN;4;78,31%;19,58%;secondary
1330;60;67;140;13,85%;13,90;0,93%;1116;TJRJ;4;92,40%;23,10%;secondary
29777;60;10966;194;1,28%;13,88;0,09%;1116;TJMA;4;2,94%;0,74%;secondary
20052;980;12288;172;22,72%;13,86;1,53%;1116;TJTO;3;54,34%;18,11%;secondary
3805;11010;12266;599;4,49%;13,85;0,30%;1116;TJSC;3;14,73%;4,91%;secondary
82875;898;1061;156;37,77%;13,84;2,55%;159;TJAL;4;66,09%;16,52%;secondary
89552;11010;25;109;1,19%;13,84;0,08%;159;TJRN;4;2,43%;0,61%;secondary
136648;51;132;2317;92,57%;13,83;6,24%;283;TJRS;4;216,10%;54,03%;secondary
77114;493;118;314;18,06%;13,83;1,22%;159;TJBA;4;56,60%;14,15%;secondary
33483;581;11009;242;2,74%;13,82;0,19%;7;TJSP;4;8,05%;2,01%;secondary
9257;36;385;776;18,35%;13,81;1,24%;1116;TJAM;3;18,69%;6,23%;secondary
7351;51;11019;331;0,54%;13,80;0,04%;1116;TJRO;2;0,54%;0,27%;secondary
61229;51;12444;6435;12,75%;13,80;0,86%;7;TJDFT;4;32,24%;8,06%;secondary
1606;11010;22;490;3,41%;13,79;0,23%;1116;TJBA;4;4,64%;1,16%;secondary
39483;85;1061;1125;6,54%;13,79;0,44%;7;TJES;4;13,63%;3,41%;secondary
72791;10966;36;154;61,60%;13,76;4,17%;7;TJRR;3;90,52%;30,17%;secondary
5255;581;3;265;2,72%;13,76;0,18%;1116;TJES;2;3,58%;1,79%;secondary
61230;51;12455;2467;4,89%;13,75;0,33%;7;TJDFT;4;13,62%;3,41%;secondary
69211;12164;12266;362;34,84%;13,75;2,36%;7;TJRS;3;84,38%;28,13%;secondary
8811;85;22;232;1,88%;13,74;0,13%;1116;TJAM;3;3,00%;1,00%;secondary
95040;11010;92;323;81,16%;13,71;5,52%;159;TJMS;4;202,59%;50,65%;secondary
105645;36;10966;118;48,96%;13,70;3,33%;283;TJRJ;2;49,27%;24,64%;secondary
137638;581;118;639;4,10%;13,69;0,28%;283;TJMA;4;33,08%;8,27%;secondary
9961;581;385;955;2,86%;13,64;0,20%;1116;TJAL;3;2,92%;0,97%;secondary
83454;60;48;1841;18,55%;13,63;1,27%;159;TJMG;4;35,91%;8,98%;secondary
61240;51;160;2486;4,93%;13,62;0,34%;7;TJDFT;4;11,48%;2,87%;secondary
3478;85;861;120;0,29%;13,60;0,02%;1116;TJSC;4;0,64%;0,16%;secondary
93009;11010;12430;126;0,74%;13,59;0,05%;159;TJDFT;4;10,99%;2,75%;secondary
24416;941;941;144;67,61%;13,52;4,66%;1116;TJPA;3;72,57%;24,19%;secondary
73575;92;12266;111;0,87%;13,49;0,06%;7;TJAP;4;1,87%;0,47%;secondary
19801;92;118;267;19,14%;13,46;1,32%;1116;TJTO;3;25,25%;8,42%;secondary
10109;1061;22;203;11,89%;13,46;0,82%;1116;TJAL;4;15,27%;3,82%;secondary
56126;51;12291;102;0,55%;13,42;0,04%;7;TJTO;3;1,72%;0,57%;secondary
3367;493;16;304;0,68%;13,42;0,05%;1116;TJSC;4;1,15%;0,29%;secondary
2105;246;849;1347;49,56%;13,40;3,44%;1116;TJBA;4;176,07%;44,02%;secondary
6605;11014;898;108;32,83%;13,39;2,28%;1116;TJPE;2;33,48%;16,74%;secondary
95436;581;12067;150;0,54%;13,36;0,04%;159;TJSE;4;2,24%;0,56%;secondary
96440;60;26;1715;3,77%;13,31;0,26%;159;TJAC;4;4,06%;1,01%;secondary
137385;132;118;2872;18,17%;13,29;1,27%;283;TJMA;4;104,24%;26,06%;secondary
105313;123;861;115;2,47%;13,28;0,17%;283;TJRJ;4;6,75%;1,69%;secondary
17032;11382;132;296;40,11%;13,28;2,81%;1116;TJRN;3;114,93%;38,31%;secondary
129936;970;1017;110;1,09%;13,28;0,08%;283;TJDFT;2;1,41%;0,70%;secondary
16710;51;456;390;0,86%;13,28;0,06%;1116;TJRN;4;1,54%;0,39%;secondary
125946;60;22;211;3,49%;13,27;0,24%;283;TJTO;3;4,96%;1,65%;secondary
8070;196;26;460;15,83%;13,26;1,11%;1116;TJRO;2;16,16%;8,08%;secondary
86589;466;493;190;51,08%;13,21;3,59%;159;TJMT;4;240,34%;60,08%;secondary
42020;85;26;332;5,42%;13,21;0,38%;7;TJGO;4;16,72%;4,18%;secondary
49728;85;11020;523;1,37%;13,20;0,10%;7;TJMT;4;3,33%;0,83%;secondary
2252;11383;985;151;5,40%;13,18;0,38%;1116;TJBA;4;13,12%;3,28%;secondary
64859;11010;848;479;4,93%;13,17;0,35%;7;TJSE;4;9,74%;2,44%;secondary
8923;51;385;718;5,10%;13,16;0,36%;1116;TJAM;3;8,50%;2,83%;secondary
28486;60;132;2076;20,47%;13,13;1,45%;1116;TJRS;4;87,93%;21,98%;secondary
104554;493;581;9639;61,90%;13,08;4,40%;283;TJPR;4;216,24%;54,06%;secondary
119607;246;12214;466;27,49%;13,08;1,95%;283;TJMT;4;50,78%;12,69%;secondary
59656;135;11383;160;31,62%;13,07;2,25%;7;TJPB;4;91,94%;22,98%;secondary
108202;3;245;281;6,27%;13,07;0,45%;283;TJSC;4;7,74%;1,94%;secondary
137333;26;982;462;40,00%;13,04;2,85%;283;TJMA;4;111,14%;27,78%;secondary
40740;51;12430;233;0,68%;13,03;0,05%;7;TJPE;4;2,27%;0,57%;secondary
3440;85;48;3303;8,08%;13,02;0,58%;1116;TJSC;4;36,47%;9,12%;secondary
76355;36;982;128;46,55%;13,01;3,32%;159;TJBA;4;66,83%;16,71%;secondary
4138;246;11383;114;18,60%;12,97;1,33%;1116;TJSC;4;60,23%;15,06%;secondary
4931;132;1061;246;1,18%;12,96;0,08%;1116;TJES;4;14,82%;3,71%;secondary
8159;471;26;132;11,84%;12,96;0,85%;1116;TJRO;1;11,84%;11,84%;secondary
103757;51;11009;1522;22,09%;12,93;1,59%;283;TJSP;4;76,08%;19,02%;secondary
120;11009;14;205;6,93%;12,93;0,50%;1116;TJSP;4;15,17%;3,79%;secondary
96490;132;480;408;2,13%;12,91;0,15%;159;TJAC;1;2,13%;2,13%;secondary
74816;85;3;972;7,04%;12,90;0,51%;159;TJSP;4;20,07%;5,02%;secondary
56722;123;479;483;3,93%;12,89;0,28%;7;TJTO;3;6,75%;2,25%;secondary
4074;67;48;297;10,90%;12,88;0,79%;1116;TJSC;4;51,07%;12,77%;secondary
112821;51;898;605;5,55%;12,84;0,40%;283;TJRO;4;15,85%;3,96%;secondary
33570;51;11009;4174;21,85%;12,83;1,58%;7;TJSP;4;76,08%;19,02%;secondary
16614;60;104;2826;3,37%;12,82;0,24%;1116;TJRN;4;9,12%;2,28%;secondary
77891;85;471;150;0,63%;12,81;0,05%;159;TJSC;3;1,09%;0,36%;secondary
3368;493;861;157;0,35%;12,81;0,03%;1116;TJSC;4;0,89%;0,22%;secondary
9254;36;218;117;2,77%;12,77;0,20%;1116;TJAM;2;2,90%;1,45%;secondary
99170;60;1061;9670;52,84%;12,76;3,84%;159;TJRS;4;129,11%;32,28%;secondary
69161;12288;85;168;68,57%;12,74;4,99%;7;TJRS;3;218,57%;72,86%;secondary
105423;60;67;326;9,49%;12,73;0,69%;283;TJRJ;4;92,40%;23,10%;secondary
22690;51;137;122;0,43%;12,73;0,03%;1116;TJDFT;4;0,50%;0,13%;secondary
68636;1061;132;3367;58,68%;12,72;4,28%;7;TJRS;4;226,70%;56,68%;secondary
102982;276;12265;122;43,57%;12,71;3,18%;159;TJAP;3;102,76%;34,25%;secondary
24946;26;3;2125;23,39%;12,71;1,71%;1116;TJSE;4;65,59%;16,40%;secondary
18853;60;26;278;1,76%;12,69;0,13%;1116;TJTO;3;13,21%;4,40%;secondary
9291;12296;581;210;75,27%;12,66;5,51%;1116;TJAM;3;195,41%;65,14%;secondary
34164;581;25;362;1,40%;12,64;0,10%;7;TJPR;4;8,62%;2,16%;secondary
96557;92;466;109;1,03%;12,63;0,08%;159;TJAC;2;1,12%;0,56%;secondary
31801;11025;898;348;99,43%;12,61;7,31%;1116;TJRR;1;99,43%;99,43%;secondary
108742;67;48;488;17,07%;12,59;1,26%;283;TJSC;4;51,07%;12,77%;secondary
7091;3;246;110;3,80%;12,58;0,28%;1116;TJGO;3;20,43%;6,81%;secondary
111234;123;981;493;17,83%;12,58;1,31%;283;TJPE;4;46,18%;11,54%;secondary
83214;51;48;8464;22,47%;12,56;1,66%;159;TJMG;4;43,90%;10,97%;secondary
112278;22;982;174;24,82%;12,54;1,83%;283;TJGO;3;37,39%;12,46%;secondary
68597;60;12265;117;1,02%;12,53;0,08%;7;TJRS;3;2,55%;0,85%;secondary
111899;26;1013;112;2,31%;12,53;0,17%;283;TJGO;2;2,35%;1,17%;secondary
71674;85;26;1534;5,15%;12,50;0,38%;7;TJRR;3;10,72%;3,57%;secondary
38287;848;979;761;35,44%;12,49;2,63%;7;TJSC;4;114,65%;28,66%;secondary
126755;10966;11383;946;62,48%;12,48;4,64%;283;TJTO;3;170,01%;56,67%;secondary
7803;246;1061;781;22,57%;12,48;1,67%;1116;TJRO;3;36,60%;12,20%;secondary
77942;3;861;201;7,80%;12,46;0,58%;159;TJSC;4;25,13%;6,28%;secondary
32583;461;12265;107;66,88%;12,46;4,97%;1116;TJAP;2;96,50%;48,25%;secondary
18496;51;941;955;2,73%;12,43;0,20%;1116;TJTO;3;3,32%;1,11%;secondary
22835;493;898;442;1,88%;12,43;0,14%;1116;TJDFT;4;2,24%;0,56%;secondary
134047;1051;106;149;12,21%;12,42;0,91%;283;TJAC;4;18,83%;4,71%;secondary
18816;11010;479;131;0,44%;12,41;0,03%;1116;TJTO;2;0,46%;0,23%;secondary
108573;970;245;186;2,55%;12,40;0,19%;283;TJSC;4;4,13%;1,03%;secondary
109787;132;118;1015;17,00%;12,38;1,27%;283;TJES;4;85,21%;21,30%;secondary
114591;12185;581;190;43,38%;12,34;3,25%;283;TJAM;3;101,28%;33,76%;secondary
26114;941;51;155;65,96%;12,34;4,95%;1116;TJSE;3;127,16%;42,39%;secondary
108511;848;979;220;10,31%;12,30;0,78%;283;TJSC;4;114,65%;28,66%;secondary
2504;132;471;144;1,09%;12,28;0,08%;1116;TJBA;4;1,15%;0,29%;secondary
132647;581;12067;248;0,45%;12,27;0,03%;283;TJSE;4;2,24%;0,56%;secondary
73108;12265;1061;195;4,12%;12,27;0,31%;7;TJAP;4;11,64%;2,91%;secondary
55951;26;11383;1454;28,29%;12,26;2,13%;7;TJTO;3;43,33%;14,44%;secondary
103808;982;36;167;42,49%;12,26;3,20%;283;TJSP;4;50,41%;12,60%;secondary
7048;26;3;943;22,62%;12,25;1,71%;1116;TJGO;4;33,43%;8,36%;secondary
3104;26;970;430;3,19%;12,24;0,24%;1116;TJSC;4;4,45%;1,11%;secondary
4428;898;132;102;56,67%;12,23;4,28%;1116;TJSC;4;196,23%;49,06%;secondary
74;85;3;519;5,92%;12,15;0,45%;1116;TJSP;4;20,07%;5,02%;secondary
137180;898;849;483;77,78%;12,15;5,91%;283;TJMA;4;258,92%;64,73%;secondary
73332;51;12164;5798;23,98%;12,15;1,82%;7;TJAP;4;87,63%;21,91%;secondary
77678;581;479;166;0,66%;12,14;0,05%;159;TJSC;4;1,24%;0,31%;secondary
63006;51;385;283;2,76%;12,12;0,21%;7;TJPA;4;7,99%;2,00%;secondary
61966;493;866;126;0,38%;12,11;0,03%;7;TJDFT;4;0,79%;0,20%;secondary
114258;106;12283;193;4,50%;12,11;0,34%;283;TJAM;3;12,53%;4,18%;secondary
61503;3;132;829;73,75%;12,11;5,63%;7;TJDFT;4;327,32%;81,83%;secondary
79239;581;1061;431;10,54%;12,09;0,81%;159;TJES;4;23,64%;5,91%;secondary
73940;36;982;103;43,28%;12,08;3,31%;7;TJAP;4;111,60%;27,90%;secondary
108037;60;12265;379;1,12%;12,08;0,09%;283;TJSC;3;1,38%;0,46%;secondary
34946;970;123;319;42,14%;12,07;3,22%;7;TJRJ;3;68,79%;22,93%;secondary
80479;981;982;142;59,41%;12,05;4,55%;159;TJPE;4;262,67%;65,67%;secondary
27250;51;219;378;1,18%;12,04;0,09%;1116;TJPI;4;5,49%;1,37%;secondary
23749;51;11009;3390;11,44%;12,04;0,88%;1116;TJPA;4;45,37%;11,34%;secondary
6413;92;246;1240;31,26%;12,03;2,40%;1116;TJPE;4;68,66%;17,17%;secondary
140598;60;12268;472;0,61%;12,03;0,05%;283;TJAP;4;1,42%;0,35%;secondary
97787;60;3;854;4,12%;12,03;0,32%;159;TJPI;1;4,12%;4,12%;secondary
50323;106;67;222;11,65%;12,02;0,89%;7;TJMT;4;26,64%;6,66%;secondary
37702;85;48;4463;9,97%;12,02;0,77%;7;TJSC;4;36,47%;9,12%;secondary
69468;970;132;114;38,78%;12,01;2,98%;7;TJRS;4;159,62%;39,90%;secondary
1638;60;11010;1813;15,37%;12,01;1,18%;1116;TJBA;4;34,04%;8,51%;secondary
111906;26;385;202;4,16%;12,01;0,32%;283;TJGO;3;4,25%;1,42%;secondary
23942;493;246;277;1,79%;11,98;0,14%;1116;TJPA;4;5,76%;1,44%;secondary
121841;581;12749;587;1,03%;11,98;0,08%;283;TJCE;4;1,30%;0,32%;secondary
121826;581;12750;544;0,95%;11,98;0,07%;283;TJCE;3;1,07%;0,36%;secondary
2120;246;982;138;5,08%;11,98;0,39%;1116;TJBA;1;5,08%;5,08%;secondary
23179;11010;135;131;3,32%;11,95;0,26%;1116;TJDFT;4;5,34%;1,34%;secondary
70182;246;22;1501;83,76%;11,95;6,47%;7;TJMA;4;352,19%;88,05%;secondary
73829;11383;1061;2720;48,74%;11,94;3,77%;7;TJAP;4;117,96%;29,49%;secondary
3458;85;979;192;0,47%;11,92;0,04%;1116;TJSC;4;1,32%;0,33%;secondary
22239;10966;11383;268;36,12%;11,91;2,80%;1116;TJPB;3;62,82%;20,94%;secondary
28572;1061;132;1449;67,65%;11,90;5,24%;1116;TJRS;4;226,70%;56,68%;secondary
16793;11010;104;169;0,44%;11,88;0,03%;1116;TJRN;4;1,31%;0,33%;secondary
82491;132;1061;419;8,98%;11,88;0,70%;159;TJAL;4;17,10%;4,27%;secondary
27730;10966;135;133;11,45%;11,87;0,89%;1116;TJPI;2;11,58%;5,79%;secondary
97785;60;48;3380;16,31%;11,86;1,27%;159;TJPI;1;16,31%;16,31%;secondary
6399;196;92;1412;84,80%;11,86;6,59%;1116;TJPE;4;325,57%;81,39%;secondary
23719;26;246;2593;25,49%;11,85;1,98%;1116;TJPA;4;99,71%;24,93%;secondary
68674;581;12265;300;4,95%;11,85;0,39%;7;TJRS;3;24,99%;8,33%;secondary
92447;51;1003;3397;7,33%;11,85;0,57%;159;TJDFT;4;24,55%;6,14%;secondary
92465;51;1017;228;0,49%;11,85;0,04%;159;TJDFT;4;12,80%;3,20%;secondary
69002;11010;12265;1221;31,98%;11,85;2,49%;7;TJRS;3;70,70%;23,57%;secondary
133113;898;12067;144;21,49%;11,84;1,67%;283;TJSE;4;104,11%;26,03%;secondary
95609;970;132;377;27,18%;11,84;2,12%;159;TJSE;4;51,97%;12,99%;secondary
26422;132;92;2044;10,66%;11,84;0,83%;1116;TJAC;4;60,06%;15,01%;secondary
135229;123;11010;816;16,23%;11,83;1,27%;283;TJPI;4;45,88%;11,47%;secondary
18903;581;118;1670;7,12%;11,83;0,55%;1116;TJTO;3;23,28%;7,76%;secondary
80047;51;12430;169;0,66%;11,81;0,05%;159;TJPE;4;2,27%;0,57%;secondary
25432;11010;12067;1007;2,65%;11,81;0,21%;1116;TJSE;4;6,69%;1,67%;secondary
78348;848;979;574;51,53%;11,81;4,02%;159;TJSC;4;114,65%;28,66%;secondary
22771;123;12430;707;2,95%;11,80;0,23%;1116;TJDFT;4;4,27%;1,07%;secondary
22770;123;1017;102;0,43%;11,80;0,03%;1116;TJDFT;4;0,92%;0,23%;secondary
22785;123;1003;190;0,79%;11,80;0,06%;1116;TJDFT;4;1,86%;0,47%;secondary
947;132;246;4717;19,95%;11,80;1,56%;1116;TJPR;4;55,97%;13,99%;secondary
23733;26;12164;213;2,09%;11,78;0,16%;1116;TJPA;3;4,39%;1,46%;secondary
136062;263;132;166;53,72%;11,75;4,21%;283;TJPI;1;53,72%;53,72%;secondary
45983;11383;1061;1433;47,97%;11,74;3,77%;7;TJAL;4;122,26%;30,57%;secondary
50050;123;493;1696;35,35%;11,72;2,78%;7;TJMT;4;186,31%;46,58%;secondary
18852;60;118;832;5,27%;11,72;0,41%;1116;TJTO;3;11,84%;3,95%;secondary
28295;848;132;153;13,72%;11,71;1,08%;1116;TJRS;3;38,33%;12,78%;secondary
72;85;11009;613;6,99%;11,70;0,55%;1116;TJSP;4;22,33%;5,58%;secondary
5423;92;118;257;16,81%;11,70;1,32%;1116;TJES;4;92,21%;23,05%;secondary
86000;11010;1013;164;0,86%;11,69;0,07%;159;TJMT;4;1,65%;0,41%;secondary
47236;51;48;3921;6,55%;11,67;0,52%;7;TJMG;4;43,90%;10,97%;secondary
120873;391;493;227;34,08%;11,67;2,69%;283;TJMT;2;134,08%;67,04%;secondary
26305;51;92;1153;7,72%;11,66;0,61%;1116;TJAC;4;23,78%;5,95%;secondary
51032;982;493;108;34,18%;11,65;2,70%;7;TJMT;4;72,62%;18,16%;secondary
83688;123;977;158;1,74%;11,64;0,14%;159;TJMG;4;4,89%;1,22%;secondary
104864;85;135;250;3,83%;11,64;0,30%;283;TJPR;4;4,70%;1,18%;secondary
26562;106;60;410;52,84%;11,64;4,18%;1116;TJAC;4;179,94%;44,98%;secondary
17148;246;11009;129;3,53%;11,63;0,28%;1116;TJRN;4;5,30%;1,33%;secondary
68391;132;980;510;1,84%;11,62;0,15%;7;TJRS;4;4,20%;1,05%;secondary
5448;245;861;1489;40,77%;11,58;3,24%;1116;TJES;2;51,88%;25,94%;secondary
39301;493;1061;179;2,22%;11,57;0,18%;7;TJES;4;6,63%;1,66%;secondary
92467;51;160;2302;4,97%;11,57;0,40%;159;TJDFT;4;11,48%;2,87%;secondary
92450;51;12444;6400;13,81%;11,56;1,10%;159;TJDFT;4;32,24%;8,06%;secondary
67176;11383;985;294;3,90%;11,55;0,31%;7;TJPI;4;21,42%;5,35%;secondary
73342;51;12266;192;0,79%;11,54;0,06%;7;TJAP;4;2,16%;0,54%;secondary
27045;11010;36;2085;7,81%;11,54;0,62%;1116;TJPI;4;9,03%;2,26%;secondary
33189;10966;11009;116;8,94%;11,53;0,71%;7;TJSP;4;23,30%;5,83%;secondary
51343;48;60;527;48,53%;11,53;3,87%;7;TJMT;4;150,67%;37,67%;secondary
92452;51;817;154;0,33%;11,53;0,03%;159;TJDFT;4;0,82%;0,20%;secondary
78118;132;848;774;6,93%;11,49;0,56%;159;TJSC;4;18,11%;4,53%;secondary
82540;1061;51;895;28,57%;11,49;2,29%;159;TJAL;4;94,51%;23,63%;secondary
132808;60;12067;255;0,32%;11,49;0,03%;283;TJSE;4;0,79%;0,20%;secondary
8291;11010;1015;304;0,81%;11,48;0,06%;1116;TJRO;4;1,51%;0,38%;secondary
44253;51;218;113;0,76%;11,46;0,06%;7;TJAM;3;5,51%;1,84%;secondary
57472;466;12265;124;43,97%;11,46;3,53%;7;TJTO;2;93,97%;46,99%;secondary
114452;123;977;187;1,86%;11,45;0,15%;283;TJAM;3;5,65%;1,88%;secondary
77932;3;123;1538;59,66%;11,45;4,79%;159;TJSC;4;218,82%;54,70%;secondary
37137;26;16;162;1,89%;11,44;0,15%;7;TJSC;4;4,19%;1,05%;secondary
18474;26;118;200;2,99%;11,43;0,24%;1116;TJTO;3;15,52%;5,17%;secondary
18506;51;118;1549;4,42%;11,41;0,36%;1116;TJTO;3;14,33%;4,78%;secondary
2156;22;866;712;34,33%;11,40;2,77%;1116;TJBA;1;34,33%;34,33%;secondary
100407;51;118;939;8,45%;11,39;0,68%;159;TJMA;4;22,55%;5,64%;secondary
21588;1061;493;336;22,87%;11,39;1,85%;1116;TJPB;4;48,38%;12,10%;secondary
28667;11383;12265;239;33,90%;11,39;2,74%;1116;TJRS;3;75,28%;25,09%;secondary
101266;981;36;222;81,32%;11,39;6,56%;159;TJMA;4;282,23%;70,56%;secondary
73256;85;12164;373;1,79%;11,38;0,14%;7;TJAP;4;5,83%;1,46%;secondary
90306;3;132;592;41,31%;11,37;3,34%;159;TJRN;4;131,28%;32,82%;secondary
5811;970;11383;165;28,16%;11,36;2,28%;1116;TJES;4;39,79%;9,95%;secondary
19279;196;12287;644;19,16%;11,34;1,55%;1116;TJTO;2;21,01%;10,50%;secondary
50495;36;493;624;35,39%;11,34;2,87%;7;TJMT;4;171,59%;42,90%;secondary
105420;60;11383;584;16,99%;11,33;1,38%;283;TJRJ;4;81,00%;20,25%;secondary
105318;123;67;122;2,62%;11,32;0,21%;283;TJRJ;4;44,56%;11,14%;secondary
49906;11383;11020;455;3,09%;11,32;0,25%;7;TJMT;4;9,31%;2,33%;secondary
12036;36;48;575;14,03%;11,31;1,14%;1116;TJMG;4;32,65%;8,16%;secondary
7751;985;1061;106;4,28%;11,30;0,35%;1116;TJRO;3;20,72%;6,91%;secondary
7017;51;26;228;6,71%;11,30;0,55%;1116;TJGO;4;11,82%;2,96%;secondary
3861;3;861;624;11,43%;11,30;0,93%;1116;TJSC;4;25,13%;6,28%;secondary
95669;11010;12067;286;1,47%;11,30;0,12%;159;TJSE;4;6,69%;1,67%;secondary
34914;51;123;155;15,36%;11,27;1,25%;7;TJRJ;4;73,99%;18,50%;secondary
128746;1061;118;102;9,53%;11,26;0,78%;283;TJPB;4;69,83%;17,46%;secondary
78224;1051;123;798;24,55%;11,24;2,01%;159;TJSC;4;75,96%;18,99%;secondary
26368;60;849;300;0,97%;11,24;0,08%;1116;TJAC;4;2,52%;0,63%;secondary
32346;581;12164;277;0,99%;11,21;0,08%;1116;TJAP;4;3,19%;0,80%;secondary
37098;26;861;196;2,29%;11,19;0,19%;7;TJSC;4;18,80%;4,70%;secondary
68830;11383;12265;262;27,84%;11,19;2,28%;7;TJRS;3;75,28%;25,09%;secondary
123656;581;104;854;1,41%;11,19;0,12%;283;TJRN;4;3,54%;0,88%;secondary
44365;12164;92;213;29,06%;11,18;2,39%;7;TJAM;3;30,58%;10,19%;secondary
68362;26;12265;114;4,18%;11,17;0,34%;7;TJRS;3;9,59%;3,20%;secondary
14753;132;36;299;2,72%;11,17;0,22%;1116;TJCE;4;7,47%;1,87%;secondary
99305;85;132;2954;22,08%;11,17;1,81%;159;TJRS;4;104,36%;26,09%;secondary
18121;25;11010;276;11,67%;11,16;0,96%;1116;TJRN;4;39,45%;9,86%;secondary
132388;123;26;171;6,47%;11,16;0,53%;283;TJSE;4;6,78%;1,70%;secondary
22874;132;985;930;3,16%;11,15;0,26%;1116;TJDFT;4;7,32%;1,83%;secondary
129850;51;160;359;1,39%;11,14;0,11%;283;TJDFT;4;11,48%;2,87%;secondary
77456;26;135;132;4,04%;11,13;0,33%;159;TJSC;4;14,59%;3,65%;secondary
128372;92;67;103;4,29%;11,13;0,35%;283;TJPB;4;6,97%;1,74%;secondary
27763;135;10966;158;8,37%;11,12;0,69%;1116;TJPI;3;10,08%;3,36%;secondary
37971;246;11383;349;16,67%;11,12;1,38%;7;TJSC;4;60,23%;15,06%;secondary
3364;493;123;15965;35,69%;11,11;2,95%;1116;TJSC;4;139,36%;34,84%;secondary
25167;581;12067;643;1,14%;11,10;0,09%;1116;TJSE;4;2,24%;0,56%;secondary
99396;581;26;180;0,88%;11,09;0,07%;159;TJRS;3;1,59%;0,53%;secondary
131557;85;3;159;3,21%;11,09;0,27%;283;TJPA;4;6,78%;1,69%;secondary
18777;11010;12265;9287;31,07%;11,07;2,57%;1116;TJTO;3;92,33%;30,78%;secondary
16535;132;104;117;0,20%;11,06;0,02%;1116;TJRN;4;1,04%;0,26%;secondary
25549;276;12067;286;23,50%;11,05;1,95%;1116;TJSE;3;52,10%;17,37%;secondary
70612;123;979;2748;47,17%;11,04;3,92%;7;TJMA;4;97,52%;24,38%;secondary
38171;36;48;194;9,23%;11,04;0,77%;7;TJSC;4;29,30%;7,32%;secondary
54202;581;104;240;0,55%;11,04;0,05%;7;TJRN;4;3,54%;0,88%;secondary
2192;123;10966;134;2,04%;11,01;0,17%;1116;TJBA;3;5,98%;1,99%;secondary
3856;3;123;2490;45,60%;11,01;3,80%;1116;TJSC;4;218,82%;54,70%;secondary
111903;26;92;252;5,19%;10,99;0,43%;283;TJGO;1;5,19%;5,19%;secondary
6971;85;246;171;5,27%;10,98;0,44%;1116;TJGO;4;17,54%;4,38%;secondary
13140;51;12215;285;0,32%;10,97;0,03%;1116;TJMT;4;1,24%;0,31%;secondary
10715;26;25;330;2,51%;10,97;0,21%;1116;TJMG;4;8,07%;2,02%;secondary
82490;132;106;158;3,38%;10,96;0,28%;159;TJAL;4;10,87%;2,72%;secondary
5950;385;60;257;77,88%;10,94;6,52%;1116;TJES;2;152,88%;76,44%;secondary
33433;3;14;231;2,71%;10,93;0,23%;7;TJSP;4;12,65%;3,16%;secondary
108345;132;979;137;0,57%;10,93;0,05%;283;TJSC;4;8,83%;2,21%;secondary
18513;51;12444;464;1,32%;10,93;0,11%;1116;TJTO;3;3,92%;1,31%;secondary
31854;51;12164;10889;23,88%;10,91;2,00%;1116;TJAP;4;87,63%;21,91%;secondary
89545;11010;849;139;1,52%;10,91;0,13%;159;TJRN;4;3,10%;0,78%;secondary
92455;51;12455;2875;6,20%;10,90;0,52%;159;TJDFT;4;13,62%;3,41%;secondary
75954;26;118;112;2,97%;10,90;0,25%;159;TJBA;4;7,32%;1,83%;secondary
1352;123;11383;957;31,09%;10,88;2,62%;1116;TJRJ;4;88,81%;22,20%;secondary
111531;981;10966;161;33,06%;10,88;2,78%;283;TJPE;4;78,93%;19,73%;secondary
44733;1051;92;135;10,36%;10,88;0,87%;7;TJAM;3;11,95%;3,98%;secondary
26084;36;123;584;51,82%;10,86;4,37%;1116;TJSE;3;176,91%;58,97%;secondary
69733;85;454;109;0,28%;10,86;0,02%;7;TJMA;3;0,54%;0,18%;secondary
64148;11383;92;362;72,11%;10,85;6,08%;7;TJMS;3;168,92%;56,31%;secondary
96417;60;466;642;1,41%;10,85;0,12%;159;TJAC;4;1,57%;0,39%;secondary
139436;92;245;114;3,52%;10,82;0,30%;283;TJRR;3;5,04%;1,68%;secondary
85528;123;11020;328;3,24%;10,82;0,27%;159;TJMT;3;4,13%;1,38%;secondary
30083;246;22;1429;90,62%;10,80;7,68%;1116;TJMA;4;352,19%;88,05%;secondary
43104;92;1061;2951;30,28%;10,79;2,57%;7;TJRO;3;75,78%;25,26%;secondary
58070;246;22;186;76,23%;10,79;6,47%;7;TJTO;3;94,96%;31,65%;secondary
26929;26;11383;1282;15,37%;10,78;1,30%;1116;TJPI;4;22,91%;5,73%;secondary
9831;132;106;136;1,43%;10,78;0,12%;1116;TJAL;4;10,87%;2,72%;secondary
47494;11010;394;404;1,39%;10,78;0,12%;7;TJMG;4;1,67%;0,42%;secondary
103280;981;36;156;77,23%;10,77;6,56%;159;TJAP;4;208,80%;52,20%;secondary
103910;11009;14;158;4,27%;10,76;0,36%;283;TJSP;4;15,17%;3,79%;secondary
77464;26;245;708;21,65%;10,76;1,84%;159;TJSC;4;27,38%;6,84%;secondary
126295;581;118;263;3,28%;10,75;0,28%;283;TJTO;3;23,28%;7,76%;secondary
128161;60;67;2752;8,11%;10,74;0,69%;283;TJPB;4;16,22%;4,06%;secondary
9241;36;982;1848;43,69%;10,73;3,73%;1116;TJAM;3;67,03%;22,34%;secondary
7587;85;941;204;0,51%;10,73;0,04%;1116;TJRO;3;0,58%;0,19%;secondary
104726;60;25;275;0,92%;10,71;0,08%;283;TJPR;4;5,29%;1,32%;secondary
38074;3;123;2733;66,81%;10,71;5,71%;7;TJSC;4;218,82%;54,70%;secondary
38169;36;22;575;27,35%;10,70;2,34%;7;TJSC;4;128,67%;32,17%;secondary
101850;26;970;852;22,07%;10,70;1,89%;159;TJAP;2;22,15%;11,08%;secondary
111453;10966;36;195;16,02%;10,69;1,37%;283;TJPE;4;128,52%;32,13%;secondary
14071;848;493;219;11,34%;10,69;0,97%;1116;TJMT;4;45,45%;11,36%;secondary
50209;466;493;131;54,81%;10,68;4,69%;7;TJMT;4;240,34%;60,08%;secondary
57000;36;11383;567;34,87%;10,68;2,99%;7;TJTO;3;69,26%;23,09%;secondary
75834;60;11383;187;27,22%;10,64;2,34%;159;TJRJ;4;81,00%;20,25%;secondary
44;123;3;269;3,75%;10,64;0,32%;1116;TJSP;4;13,83%;3,46%;secondary
49346;26;493;1222;21,64%;10,64;1,86%;7;TJMT;4;101,09%;25,27%;secondary
19270;196;12265;1681;50,00%;10,63;4,30%;1116;TJTO;3;173,46%;57,82%;secondary
26936;26;985;679;8,14%;10,63;0,70%;1116;TJPI;4;10,63%;2,66%;secondary
57056;979;12287;227;21,20%;10,63;1,82%;7;TJTO;3;71,67%;23,89%;secondary
3314;11383;979;186;1,07%;10,60;0,09%;1116;TJSC;4;7,56%;1,89%;secondary
65932;106;60;143;45,40%;10,59;3,92%;7;TJAC;4;179,94%;44,98%;secondary
3320;11383;11009;108;0,62%;10,58;0,05%;1116;TJSC;4;2,76%;0,69%;secondary
90927;11010;334;107;0,53%;10,58;0,05%;159;TJPB;3;0,55%;0,18%;secondary
140437;51;12291;119;0,37%;10,57;0,03%;283;TJAP;4;1,07%;0,27%;secondary
10719;26;276;120;0,91%;10,57;0,08%;1116;TJMG;2;0,97%;0,48%;secondary
117455;26;48;470;21,60%;10,57;1,87%;283;TJMG;4;113,15%;28,29%;secondary
74156;221;1061;102;60,00%;10,56;5,19%;7;TJAP;3;87,87%;29,29%;secondary
27031;11383;36;805;10,17%;10,56;0,88%;1116;TJPI;4;11,57%;2,89%;secondary
22896;132;137;276;0,94%;10,56;0,08%;1116;TJDFT;4;1,33%;0,33%;secondary
20514;200;12265;102;91,89%;10,55;7,96%;1116;TJTO;3;241,72%;80,57%;secondary
17090;1061;85;136;37,47%;10,55;3,24%;1116;TJRN;4;120,39%;30,10%;secondary
128415;970;67;1073;14,66%;10,53;1,27%;283;TJPB;4;19,88%;4,97%;secondary
101058;466;85;104;52,53%;10,53;4,55%;159;TJMA;4;88,46%;22,12%;secondary
13986;11383;25;558;3,26%;10,53;0,28%;1116;TJMT;4;3,91%;0,98%;secondary
100414;51;10966;303;2,73%;10,53;0,24%;159;TJMA;4;11,84%;2,96%;secondary
27361;85;106;401;3,28%;10,51;0,29%;1116;TJPI;4;6,28%;1,57%;secondary
29715;581;10966;178;1,45%;10,51;0,13%;1116;TJMA;4;4,24%;1,06%;secondary
814;51;200;337;1,33%;10,50;0,12%;1116;TJPR;4;2,04%;0,51%;secondary
132463;132;12067;1165;2,84%;10,50;0,25%;283;TJSE;4;6,91%;1,73%;secondary
111902;26;106;238;4,90%;10,48;0,43%;283;TJGO;2;4,94%;2,47%;secondary
57124;220;12265;454;61,60%;10,47;5,37%;7;TJTO;3;140,61%;46,87%;secondary
139005;51;417;126;0,29%;10,46;0,03%;283;TJRR;3;0,43%;0,14%;secondary
34472;123;581;3237;51,86%;10,46;4,53%;7;TJPR;4;211,68%;52,92%;secondary
109840;10966;246;293;18,92%;10,45;1,65%;283;TJES;3;36,60%;12,20%;secondary
32397;11010;1061;1226;5,04%;10,43;0,44%;1116;TJAP;4;51,73%;12,93%;secondary
140797;132;12268;191;0,48%;10,42;0,04%;283;TJAP;3;0,58%;0,19%;secondary
4871;493;118;4940;29,05%;10,41;2,55%;1116;TJES;4;112,47%;28,12%;secondary
19602;1051;118;2705;24,14%;10,40;2,12%;1116;TJTO;3;64,16%;21,39%;secondary
92459;51;985;1813;3,91%;10,39;0,34%;159;TJDFT;4;10,11%;2,53%;secondary
49415;51;12215;231;0,34%;10,39;0,03%;7;TJMT;4;1,24%;0,31%;secondary
82552;1061;11383;143;4,56%;10,39;0,40%;159;TJAL;4;23,60%;5,90%;secondary
128541;118;67;351;8,41%;10,37;0,74%;283;TJPB;4;12,16%;3,04%;secondary
111900;26;1051;678;13,96%;10,36;1,23%;283;TJGO;4;14,82%;3,71%;secondary
8803;85;92;614;4,97%;10,35;0,44%;1116;TJAM;3;12,30%;4,10%;secondary
5167;123;979;1540;34,70%;10,35;3,06%;1116;TJES;4;200,89%;50,22%;secondary
132376;26;3;1057;21,15%;10,35;1,86%;283;TJSE;4;65,59%;16,40%;secondary
108163;1051;48;159;4,85%;10,34;0,43%;283;TJSC;4;21,23%;5,31%;secondary